Timing Analyzer report for toolflow
Tue May  5 16:59:31 2026
Quartus Prime Version 20.1.1 Build 720 11/11/2020 SJ Standard Edition


---------------------
; Table of Contents ;
---------------------
  1. Legal Notice
  2. Timing Analyzer Summary
  3. Parallel Compilation
  4. SDC File List
  5. Clocks
  6. Slow 1200mV 85C Model Fmax Summary
  7. Timing Closure Recommendations
  8. Slow 1200mV 85C Model Setup Summary
  9. Slow 1200mV 85C Model Hold Summary
 10. Slow 1200mV 85C Model Recovery Summary
 11. Slow 1200mV 85C Model Removal Summary
 12. Slow 1200mV 85C Model Minimum Pulse Width Summary
 13. Slow 1200mV 85C Model Setup: 'iCLK'
 14. Slow 1200mV 85C Model Hold: 'iCLK'
 15. Slow 1200mV 85C Model Metastability Summary
 16. Slow 1200mV 0C Model Fmax Summary
 17. Slow 1200mV 0C Model Setup Summary
 18. Slow 1200mV 0C Model Hold Summary
 19. Slow 1200mV 0C Model Recovery Summary
 20. Slow 1200mV 0C Model Removal Summary
 21. Slow 1200mV 0C Model Minimum Pulse Width Summary
 22. Slow 1200mV 0C Model Setup: 'iCLK'
 23. Slow 1200mV 0C Model Hold: 'iCLK'
 24. Slow 1200mV 0C Model Metastability Summary
 25. Fast 1200mV 0C Model Setup Summary
 26. Fast 1200mV 0C Model Hold Summary
 27. Fast 1200mV 0C Model Recovery Summary
 28. Fast 1200mV 0C Model Removal Summary
 29. Fast 1200mV 0C Model Minimum Pulse Width Summary
 30. Fast 1200mV 0C Model Setup: 'iCLK'
 31. Fast 1200mV 0C Model Hold: 'iCLK'
 32. Fast 1200mV 0C Model Metastability Summary
 33. Multicorner Timing Analysis Summary
 34. Board Trace Model Assignments
 35. Input Transition Times
 36. Signal Integrity Metrics (Slow 1200mv 0c Model)
 37. Signal Integrity Metrics (Slow 1200mv 85c Model)
 38. Signal Integrity Metrics (Fast 1200mv 0c Model)
 39. Setup Transfers
 40. Hold Transfers
 41. Report TCCS
 42. Report RSKM
 43. Unconstrained Paths Summary
 44. Clock Status Summary
 45. Unconstrained Input Ports
 46. Unconstrained Output Ports
 47. Unconstrained Input Ports
 48. Unconstrained Output Ports
 49. Timing Analyzer Messages



----------------
; Legal Notice ;
----------------
Copyright (C) 2020  Intel Corporation. All rights reserved.
Your use of Intel Corporation's design tools, logic functions 
and other software and tools, and any partner logic 
functions, and any output files from any of the foregoing 
(including device programming or simulation files), and any 
associated documentation or information are expressly subject 
to the terms and conditions of the Intel Program License 
Subscription Agreement, the Intel Quartus Prime License Agreement,
the Intel FPGA IP License Agreement, or other applicable license
agreement, including, without limitation, that your use is for
the sole purpose of programming logic devices manufactured by
Intel and sold by Intel or its authorized distributors.  Please
refer to the applicable agreement for further details, at
https://fpgasoftware.intel.com/eula.



+---------------------------------------------------------------------------------+
; Timing Analyzer Summary                                                         ;
+-----------------------+---------------------------------------------------------+
; Quartus Prime Version ; Version 20.1.1 Build 720 11/11/2020 SJ Standard Edition ;
; Timing Analyzer       ; Legacy Timing Analyzer                                  ;
; Revision Name         ; toolflow                                                ;
; Device Family         ; Cyclone IV E                                            ;
; Device Name           ; EP4CE115F29C7                                           ;
; Timing Models         ; Final                                                   ;
; Delay Model           ; Combined                                                ;
; Rise/Fall Delays      ; Enabled                                                 ;
+-----------------------+---------------------------------------------------------+


+------------------------------------------+
; Parallel Compilation                     ;
+----------------------------+-------------+
; Processors                 ; Number      ;
+----------------------------+-------------+
; Number detected on machine ; 4           ;
; Maximum allowed            ; 4           ;
;                            ;             ;
; Average used               ; 1.53        ;
; Maximum used               ; 4           ;
;                            ;             ;
; Usage by Processor         ; % Time Used ;
;     Processor 1            ; 100.0%      ;
;     Processor 2            ;  21.0%      ;
;     Processor 3            ;  17.4%      ;
;     Processor 4            ;  14.4%      ;
+----------------------------+-------------+


+---------------------------------------------------+
; SDC File List                                     ;
+---------------+--------+--------------------------+
; SDC File Path ; Status ; Read at                  ;
+---------------+--------+--------------------------+
; toolflow.sdc  ; OK     ; Tue May  5 16:59:07 2026 ;
+---------------+--------+--------------------------+


+----------------------------------------------------------------------------------------------------------------------------------------------------------------------------------+
; Clocks                                                                                                                                                                           ;
+------------+------+--------+-----------+-------+--------+------------+-----------+-------------+-------+--------+-----------+------------+----------+--------+--------+----------+
; Clock Name ; Type ; Period ; Frequency ; Rise  ; Fall   ; Duty Cycle ; Divide by ; Multiply by ; Phase ; Offset ; Edge List ; Edge Shift ; Inverted ; Master ; Source ; Targets  ;
+------------+------+--------+-----------+-------+--------+------------+-----------+-------------+-------+--------+-----------+------------+----------+--------+--------+----------+
; iCLK       ; Base ; 20.000 ; 50.0 MHz  ; 0.000 ; 10.000 ;            ;           ;             ;       ;        ;           ;            ;          ;        ;        ; { iCLK } ;
+------------+------+--------+-----------+-------+--------+------------+-----------+-------------+-------+--------+-----------+------------+----------+--------+--------+----------+


+-------------------------------------------------+
; Slow 1200mV 85C Model Fmax Summary              ;
+-----------+-----------------+------------+------+
; Fmax      ; Restricted Fmax ; Clock Name ; Note ;
+-----------+-----------------+------------+------+
; 48.04 MHz ; 48.04 MHz       ; iCLK       ;      ;
+-----------+-----------------+------------+------+
This panel reports FMAX for every clock in the design, regardless of the user-specified clock periods.  FMAX is only computed for paths where the source and destination registers or ports are driven by the same clock.  Paths of different clocks, including generated clocks, are ignored.  For paths between a clock and its inversion, FMAX is computed as if the rising and falling edges are scaled along with FMAX, such that the duty cycle (in terms of a percentage) is maintained. Altera recommends that you always use clock constraints and other slack reports for sign-off analysis.


----------------------------------
; Timing Closure Recommendations ;
----------------------------------
HTML report is unavailable in plain text report export.


+-------------------------------------+
; Slow 1200mV 85C Model Setup Summary ;
+-------+--------+--------------------+
; Clock ; Slack  ; End Point TNS      ;
+-------+--------+--------------------+
; iCLK  ; -0.814 ; -13.122            ;
+-------+--------+--------------------+


+------------------------------------+
; Slow 1200mV 85C Model Hold Summary ;
+-------+-------+--------------------+
; Clock ; Slack ; End Point TNS      ;
+-------+-------+--------------------+
; iCLK  ; 0.383 ; 0.000              ;
+-------+-------+--------------------+


------------------------------------------
; Slow 1200mV 85C Model Recovery Summary ;
------------------------------------------
No paths to report.


-----------------------------------------
; Slow 1200mV 85C Model Removal Summary ;
-----------------------------------------
No paths to report.


+---------------------------------------------------+
; Slow 1200mV 85C Model Minimum Pulse Width Summary ;
+-------+-------+-----------------------------------+
; Clock ; Slack ; End Point TNS                     ;
+-------+-------+-----------------------------------+
; iCLK  ; 9.745 ; 0.000                             ;
+-------+-------+-----------------------------------+


+-------------------------------------------------------------------------------------------------------------------------------------------------------------------------------------------------------+
; Slow 1200mV 85C Model Setup: 'iCLK'                                                                                                                                                                   ;
+--------+-----------------------------------------------------------+------------------------------------------------------------+--------------+-------------+--------------+------------+------------+
; Slack  ; From Node                                                 ; To Node                                                    ; Launch Clock ; Latch Clock ; Relationship ; Clock Skew ; Data Delay ;
+--------+-----------------------------------------------------------+------------------------------------------------------------+--------------+-------------+--------------+------------+------------+
; -0.814 ; ID_EX:IDEX_reg|reg_N:reg_Imm|dffg:\GEN_REG:0:DFFI|s_Q     ; IF_ID:IFID_reg|reg_N:reg_Inst|dffg:\GEN_REG:10:DFFI|s_Q    ; iCLK         ; iCLK        ; 20.000       ; 0.283      ; 21.095     ;
; -0.729 ; ID_EX:IDEX_reg|reg_N:reg_Imm|dffg:\GEN_REG:0:DFFI|s_Q     ; IF_ID:IFID_reg|reg_N:reg_Inst|dffg:\GEN_REG:11:DFFI|s_Q    ; iCLK         ; iCLK        ; 20.000       ; 0.311      ; 21.038     ;
; -0.664 ; ID_EX:IDEX_reg|reg_N:reg_Imm|dffg:\GEN_REG:0:DFFI|s_Q     ; IF_ID:IFID_reg|reg_N:reg_Inst|dffg:\GEN_REG:25:DFFI|s_Q    ; iCLK         ; iCLK        ; 20.000       ; 0.298      ; 20.960     ;
; -0.664 ; ID_EX:IDEX_reg|reg_N:reg_Imm|dffg:\GEN_REG:0:DFFI|s_Q     ; IF_ID:IFID_reg|reg_N:reg_Inst|dffg:\GEN_REG:30:DFFI|s_Q    ; iCLK         ; iCLK        ; 20.000       ; 0.298      ; 20.960     ;
; -0.627 ; ID_EX:IDEX_reg|reg_N:reg_Imm|dffg:\GEN_REG:0:DFFI|s_Q     ; IF_ID:IFID_reg|reg_N:reg_Inst|dffg:\GEN_REG:13:DFFI|s_Q    ; iCLK         ; iCLK        ; 20.000       ; 0.309      ; 20.934     ;
; -0.627 ; ID_EX:IDEX_reg|reg_N:reg_Imm|dffg:\GEN_REG:0:DFFI|s_Q     ; IF_ID:IFID_reg|reg_N:reg_Inst|dffg:\GEN_REG:31:DFFI|s_Q    ; iCLK         ; iCLK        ; 20.000       ; 0.323      ; 20.948     ;
; -0.593 ; ID_EX:IDEX_reg|reg_N:reg_Imm|dffg:\GEN_REG:0:DFFI|s_Q     ; IF_ID:IFID_reg|reg_N:reg_Inst|dffg:\GEN_REG:24:DFFI|s_Q    ; iCLK         ; iCLK        ; 20.000       ; 0.343      ; 20.934     ;
; -0.593 ; ID_EX:IDEX_reg|reg_N:reg_Imm|dffg:\GEN_REG:0:DFFI|s_Q     ; IF_ID:IFID_reg|reg_N:reg_Inst|dffg:\GEN_REG:22:DFFI|s_Q    ; iCLK         ; iCLK        ; 20.000       ; 0.343      ; 20.934     ;
; -0.593 ; ID_EX:IDEX_reg|reg_N:reg_Imm|dffg:\GEN_REG:0:DFFI|s_Q     ; IF_ID:IFID_reg|reg_N:reg_Inst|dffg:\GEN_REG:19:DFFI|s_Q    ; iCLK         ; iCLK        ; 20.000       ; 0.343      ; 20.934     ;
; -0.551 ; ID_EX:IDEX_reg|reg_N:reg_Imm|dffg:\GEN_REG:0:DFFI|s_Q     ; IF_ID:IFID_reg|reg_N:reg_Inst|dffg:\GEN_REG:3:DFFI|s_Q     ; iCLK         ; iCLK        ; 20.000       ; 0.315      ; 20.864     ;
; -0.525 ; ID_EX:IDEX_reg|reg_N:reg_Imm|dffg:\GEN_REG:0:DFFI|s_Q     ; IF_ID:IFID_reg|reg_N:reg_Inst|dffg:\GEN_REG:6:DFFI|s_Q     ; iCLK         ; iCLK        ; 20.000       ; 0.324      ; 20.847     ;
; -0.414 ; ID_EX:IDEX_reg|reg_N:reg_Imm|dffg:\GEN_REG:0:DFFI|s_Q     ; ID_EX:IDEX_reg|reg_N:reg_Imm|dffg:\GEN_REG:11:DFFI|s_Q     ; iCLK         ; iCLK        ; 20.000       ; 0.249      ; 20.661     ;
; -0.397 ; ID_EX:IDEX_reg|reg_N:reg_Imm|dffg:\GEN_REG:0:DFFI|s_Q     ; IF_ID:IFID_reg|reg_N:reg_Inst|dffg:\GEN_REG:26:DFFI|s_Q    ; iCLK         ; iCLK        ; 20.000       ; 0.309      ; 20.704     ;
; -0.393 ; ID_EX:IDEX_reg|reg_N:reg_Imm|dffg:\GEN_REG:1:DFFI|s_Q     ; IF_ID:IFID_reg|reg_N:reg_Inst|dffg:\GEN_REG:10:DFFI|s_Q    ; iCLK         ; iCLK        ; 20.000       ; 0.284      ; 20.675     ;
; -0.341 ; ID_EX:IDEX_reg|reg_N:reg_RS2Data|dffg:\GEN_REG:0:DFFI|s_Q ; IF_ID:IFID_reg|reg_N:reg_Inst|dffg:\GEN_REG:10:DFFI|s_Q    ; iCLK         ; iCLK        ; 20.000       ; 0.308      ; 20.647     ;
; -0.339 ; ID_EX:IDEX_reg|reg_N:reg_Imm|dffg:\GEN_REG:0:DFFI|s_Q     ; IF_ID:IFID_reg|reg_N:reg_Inst|dffg:\GEN_REG:7:DFFI|s_Q     ; iCLK         ; iCLK        ; 20.000       ; 0.316      ; 20.653     ;
; -0.338 ; ID_EX:IDEX_reg|reg_N:reg_Imm|dffg:\GEN_REG:0:DFFI|s_Q     ; IF_ID:IFID_reg|reg_N:reg_Inst|dffg:\GEN_REG:14:DFFI|s_Q    ; iCLK         ; iCLK        ; 20.000       ; 0.322      ; 20.658     ;
; -0.328 ; ID_EX:IDEX_reg|reg_N:reg_Imm|dffg:\GEN_REG:0:DFFI|s_Q     ; IF_ID:IFID_reg|reg_N:reg_Inst|dffg:\GEN_REG:12:DFFI|s_Q    ; iCLK         ; iCLK        ; 20.000       ; 0.286      ; 20.612     ;
; -0.316 ; ID_EX:IDEX_reg|reg_N:reg_Imm|dffg:\GEN_REG:0:DFFI|s_Q     ; reg_N:ProgramCounter|dffg:\GEN_REG:1:DFFI|s_Q              ; iCLK         ; iCLK        ; 20.000       ; -0.082     ; 20.232     ;
; -0.308 ; ID_EX:IDEX_reg|reg_N:reg_Imm|dffg:\GEN_REG:1:DFFI|s_Q     ; IF_ID:IFID_reg|reg_N:reg_Inst|dffg:\GEN_REG:11:DFFI|s_Q    ; iCLK         ; iCLK        ; 20.000       ; 0.312      ; 20.618     ;
; -0.304 ; ID_EX:IDEX_reg|reg_N:reg_Imm|dffg:\GEN_REG:0:DFFI|s_Q     ; IF_ID:IFID_reg|reg_N:reg_Inst|dffg:\GEN_REG:29:DFFI|s_Q    ; iCLK         ; iCLK        ; 20.000       ; 0.318      ; 20.620     ;
; -0.304 ; ID_EX:IDEX_reg|reg_N:reg_Imm|dffg:\GEN_REG:0:DFFI|s_Q     ; IF_ID:IFID_reg|reg_N:reg_Inst|dffg:\GEN_REG:23:DFFI|s_Q    ; iCLK         ; iCLK        ; 20.000       ; 0.318      ; 20.620     ;
; -0.293 ; ID_EX:IDEX_reg|reg_N:reg_Imm|dffg:\GEN_REG:0:DFFI|s_Q     ; IF_ID:IFID_reg|reg_N:reg_Inst|dffg:\GEN_REG:8:DFFI|s_Q     ; iCLK         ; iCLK        ; 20.000       ; 0.318      ; 20.609     ;
; -0.293 ; ID_EX:IDEX_reg|reg_N:reg_Imm|dffg:\GEN_REG:0:DFFI|s_Q     ; IF_ID:IFID_reg|reg_N:reg_Inst|dffg:\GEN_REG:28:DFFI|s_Q    ; iCLK         ; iCLK        ; 20.000       ; 0.318      ; 20.609     ;
; -0.293 ; ID_EX:IDEX_reg|reg_N:reg_Imm|dffg:\GEN_REG:0:DFFI|s_Q     ; IF_ID:IFID_reg|reg_N:reg_Inst|dffg:\GEN_REG:20:DFFI|s_Q    ; iCLK         ; iCLK        ; 20.000       ; 0.318      ; 20.609     ;
; -0.281 ; ID_EX:IDEX_reg|reg_N:reg_Imm|dffg:\GEN_REG:0:DFFI|s_Q     ; IF_ID:IFID_reg|reg_N:reg_Inst|dffg:\GEN_REG:18:DFFI|s_Q    ; iCLK         ; iCLK        ; 20.000       ; 0.341      ; 20.620     ;
; -0.275 ; ID_EX:IDEX_reg|reg_N:reg_Imm|dffg:\GEN_REG:0:DFFI|s_Q     ; IF_ID:IFID_reg|reg_N:reg_Inst|dffg:\GEN_REG:9:DFFI|s_Q     ; iCLK         ; iCLK        ; 20.000       ; 0.339      ; 20.612     ;
; -0.275 ; ID_EX:IDEX_reg|reg_N:reg_Imm|dffg:\GEN_REG:0:DFFI|s_Q     ; IF_ID:IFID_reg|reg_N:reg_Inst|dffg:\GEN_REG:17:DFFI|s_Q    ; iCLK         ; iCLK        ; 20.000       ; 0.339      ; 20.612     ;
; -0.275 ; ID_EX:IDEX_reg|reg_N:reg_Imm|dffg:\GEN_REG:0:DFFI|s_Q     ; IF_ID:IFID_reg|reg_N:reg_Inst|dffg:\GEN_REG:2:DFFI|s_Q     ; iCLK         ; iCLK        ; 20.000       ; 0.339      ; 20.612     ;
; -0.256 ; ID_EX:IDEX_reg|reg_N:reg_RS2Data|dffg:\GEN_REG:0:DFFI|s_Q ; IF_ID:IFID_reg|reg_N:reg_Inst|dffg:\GEN_REG:11:DFFI|s_Q    ; iCLK         ; iCLK        ; 20.000       ; 0.336      ; 20.590     ;
; -0.243 ; ID_EX:IDEX_reg|reg_N:reg_Imm|dffg:\GEN_REG:1:DFFI|s_Q     ; IF_ID:IFID_reg|reg_N:reg_Inst|dffg:\GEN_REG:25:DFFI|s_Q    ; iCLK         ; iCLK        ; 20.000       ; 0.299      ; 20.540     ;
; -0.243 ; ID_EX:IDEX_reg|reg_N:reg_Imm|dffg:\GEN_REG:1:DFFI|s_Q     ; IF_ID:IFID_reg|reg_N:reg_Inst|dffg:\GEN_REG:30:DFFI|s_Q    ; iCLK         ; iCLK        ; 20.000       ; 0.299      ; 20.540     ;
; -0.231 ; ID_EX:IDEX_reg|reg_N:reg_Imm|dffg:\GEN_REG:0:DFFI|s_Q     ; ID_EX:IDEX_reg|reg_N:reg_ALUSrc|dffg:\GEN_REG:0:DFFI|s_Q   ; iCLK         ; iCLK        ; 20.000       ; -0.129     ; 20.100     ;
; -0.206 ; ID_EX:IDEX_reg|reg_N:reg_Imm|dffg:\GEN_REG:1:DFFI|s_Q     ; IF_ID:IFID_reg|reg_N:reg_Inst|dffg:\GEN_REG:13:DFFI|s_Q    ; iCLK         ; iCLK        ; 20.000       ; 0.310      ; 20.514     ;
; -0.206 ; ID_EX:IDEX_reg|reg_N:reg_Imm|dffg:\GEN_REG:1:DFFI|s_Q     ; IF_ID:IFID_reg|reg_N:reg_Inst|dffg:\GEN_REG:31:DFFI|s_Q    ; iCLK         ; iCLK        ; 20.000       ; 0.324      ; 20.528     ;
; -0.203 ; ID_EX:IDEX_reg|reg_N:reg_Imm|dffg:\GEN_REG:0:DFFI|s_Q     ; IF_ID:IFID_reg|reg_N:reg_Inst|dffg:\GEN_REG:27:DFFI|s_Q    ; iCLK         ; iCLK        ; 20.000       ; 0.312      ; 20.513     ;
; -0.203 ; ID_EX:IDEX_reg|reg_N:reg_Imm|dffg:\GEN_REG:0:DFFI|s_Q     ; IF_ID:IFID_reg|reg_N:reg_Inst|dffg:\GEN_REG:21:DFFI|s_Q    ; iCLK         ; iCLK        ; 20.000       ; 0.312      ; 20.513     ;
; -0.201 ; ID_EX:IDEX_reg|reg_N:reg_ALUSrc|dffg:\GEN_REG:0:DFFI|s_Q  ; IF_ID:IFID_reg|reg_N:reg_Inst|dffg:\GEN_REG:10:DFFI|s_Q    ; iCLK         ; iCLK        ; 20.000       ; 0.308      ; 20.507     ;
; -0.191 ; ID_EX:IDEX_reg|reg_N:reg_RS2Data|dffg:\GEN_REG:0:DFFI|s_Q ; IF_ID:IFID_reg|reg_N:reg_Inst|dffg:\GEN_REG:25:DFFI|s_Q    ; iCLK         ; iCLK        ; 20.000       ; 0.323      ; 20.512     ;
; -0.191 ; ID_EX:IDEX_reg|reg_N:reg_RS2Data|dffg:\GEN_REG:0:DFFI|s_Q ; IF_ID:IFID_reg|reg_N:reg_Inst|dffg:\GEN_REG:30:DFFI|s_Q    ; iCLK         ; iCLK        ; 20.000       ; 0.323      ; 20.512     ;
; -0.178 ; ID_EX:IDEX_reg|reg_N:reg_RS2Data|dffg:\GEN_REG:0:DFFI|s_Q ; IF_ID:IFID_reg|reg_N:reg_Inst|dffg:\GEN_REG:13:DFFI|s_Q    ; iCLK         ; iCLK        ; 20.000       ; 0.310      ; 20.486     ;
; -0.178 ; ID_EX:IDEX_reg|reg_N:reg_RS2Data|dffg:\GEN_REG:0:DFFI|s_Q ; IF_ID:IFID_reg|reg_N:reg_Inst|dffg:\GEN_REG:31:DFFI|s_Q    ; iCLK         ; iCLK        ; 20.000       ; 0.324      ; 20.500     ;
; -0.172 ; ID_EX:IDEX_reg|reg_N:reg_Imm|dffg:\GEN_REG:1:DFFI|s_Q     ; IF_ID:IFID_reg|reg_N:reg_Inst|dffg:\GEN_REG:24:DFFI|s_Q    ; iCLK         ; iCLK        ; 20.000       ; 0.344      ; 20.514     ;
; -0.172 ; ID_EX:IDEX_reg|reg_N:reg_Imm|dffg:\GEN_REG:1:DFFI|s_Q     ; IF_ID:IFID_reg|reg_N:reg_Inst|dffg:\GEN_REG:22:DFFI|s_Q    ; iCLK         ; iCLK        ; 20.000       ; 0.344      ; 20.514     ;
; -0.172 ; ID_EX:IDEX_reg|reg_N:reg_Imm|dffg:\GEN_REG:1:DFFI|s_Q     ; IF_ID:IFID_reg|reg_N:reg_Inst|dffg:\GEN_REG:19:DFFI|s_Q    ; iCLK         ; iCLK        ; 20.000       ; 0.344      ; 20.514     ;
; -0.168 ; ID_EX:IDEX_reg|reg_N:reg_Imm|dffg:\GEN_REG:0:DFFI|s_Q     ; ID_EX:IDEX_reg|reg_N:reg_Imm|dffg:\GEN_REG:31:DFFI|s_Q     ; iCLK         ; iCLK        ; 20.000       ; -0.082     ; 20.084     ;
; -0.168 ; ID_EX:IDEX_reg|reg_N:reg_Imm|dffg:\GEN_REG:0:DFFI|s_Q     ; ID_EX:IDEX_reg|reg_N:reg_Imm|dffg:\GEN_REG:0:DFFI|s_Q      ; iCLK         ; iCLK        ; 20.000       ; -0.082     ; 20.084     ;
; -0.162 ; ID_EX:IDEX_reg|reg_N:reg_Imm|dffg:\GEN_REG:0:DFFI|s_Q     ; IF_ID:IFID_reg|reg_N:reg_Inst|dffg:\GEN_REG:16:DFFI|s_Q    ; iCLK         ; iCLK        ; 20.000       ; 0.289      ; 20.449     ;
; -0.144 ; ID_EX:IDEX_reg|reg_N:reg_RS2Data|dffg:\GEN_REG:0:DFFI|s_Q ; IF_ID:IFID_reg|reg_N:reg_Inst|dffg:\GEN_REG:24:DFFI|s_Q    ; iCLK         ; iCLK        ; 20.000       ; 0.344      ; 20.486     ;
; -0.144 ; ID_EX:IDEX_reg|reg_N:reg_RS2Data|dffg:\GEN_REG:0:DFFI|s_Q ; IF_ID:IFID_reg|reg_N:reg_Inst|dffg:\GEN_REG:22:DFFI|s_Q    ; iCLK         ; iCLK        ; 20.000       ; 0.344      ; 20.486     ;
; -0.144 ; ID_EX:IDEX_reg|reg_N:reg_RS2Data|dffg:\GEN_REG:0:DFFI|s_Q ; IF_ID:IFID_reg|reg_N:reg_Inst|dffg:\GEN_REG:19:DFFI|s_Q    ; iCLK         ; iCLK        ; 20.000       ; 0.344      ; 20.486     ;
; -0.142 ; ID_EX:IDEX_reg|reg_N:reg_Imm|dffg:\GEN_REG:0:DFFI|s_Q     ; reg_N:ProgramCounter|dffg:\GEN_REG:3:DFFI|s_Q              ; iCLK         ; iCLK        ; 20.000       ; 0.326      ; 20.466     ;
; -0.140 ; ID_EX:IDEX_reg|reg_N:reg_Imm|dffg:\GEN_REG:0:DFFI|s_Q     ; reg_N:ProgramCounter|dffg:\GEN_REG:0:DFFI|s_Q              ; iCLK         ; iCLK        ; 20.000       ; -0.082     ; 20.056     ;
; -0.130 ; ID_EX:IDEX_reg|reg_N:reg_Imm|dffg:\GEN_REG:1:DFFI|s_Q     ; IF_ID:IFID_reg|reg_N:reg_Inst|dffg:\GEN_REG:3:DFFI|s_Q     ; iCLK         ; iCLK        ; 20.000       ; 0.316      ; 20.444     ;
; -0.116 ; ID_EX:IDEX_reg|reg_N:reg_ALUSrc|dffg:\GEN_REG:0:DFFI|s_Q  ; IF_ID:IFID_reg|reg_N:reg_Inst|dffg:\GEN_REG:11:DFFI|s_Q    ; iCLK         ; iCLK        ; 20.000       ; 0.336      ; 20.450     ;
; -0.104 ; ID_EX:IDEX_reg|reg_N:reg_Imm|dffg:\GEN_REG:1:DFFI|s_Q     ; IF_ID:IFID_reg|reg_N:reg_Inst|dffg:\GEN_REG:6:DFFI|s_Q     ; iCLK         ; iCLK        ; 20.000       ; 0.325      ; 20.427     ;
; -0.102 ; ID_EX:IDEX_reg|reg_N:reg_RS2Data|dffg:\GEN_REG:0:DFFI|s_Q ; IF_ID:IFID_reg|reg_N:reg_Inst|dffg:\GEN_REG:3:DFFI|s_Q     ; iCLK         ; iCLK        ; 20.000       ; 0.316      ; 20.416     ;
; -0.097 ; ID_EX:IDEX_reg|reg_N:reg_RS2Data|dffg:\GEN_REG:1:DFFI|s_Q ; IF_ID:IFID_reg|reg_N:reg_Inst|dffg:\GEN_REG:10:DFFI|s_Q    ; iCLK         ; iCLK        ; 20.000       ; 0.308      ; 20.403     ;
; -0.076 ; ID_EX:IDEX_reg|reg_N:reg_RS2Data|dffg:\GEN_REG:0:DFFI|s_Q ; IF_ID:IFID_reg|reg_N:reg_Inst|dffg:\GEN_REG:6:DFFI|s_Q     ; iCLK         ; iCLK        ; 20.000       ; 0.325      ; 20.399     ;
; -0.051 ; ID_EX:IDEX_reg|reg_N:reg_ALUSrc|dffg:\GEN_REG:0:DFFI|s_Q  ; IF_ID:IFID_reg|reg_N:reg_Inst|dffg:\GEN_REG:25:DFFI|s_Q    ; iCLK         ; iCLK        ; 20.000       ; 0.323      ; 20.372     ;
; -0.051 ; ID_EX:IDEX_reg|reg_N:reg_ALUSrc|dffg:\GEN_REG:0:DFFI|s_Q  ; IF_ID:IFID_reg|reg_N:reg_Inst|dffg:\GEN_REG:30:DFFI|s_Q    ; iCLK         ; iCLK        ; 20.000       ; 0.323      ; 20.372     ;
; -0.038 ; ID_EX:IDEX_reg|reg_N:reg_ALUSrc|dffg:\GEN_REG:0:DFFI|s_Q  ; IF_ID:IFID_reg|reg_N:reg_Inst|dffg:\GEN_REG:13:DFFI|s_Q    ; iCLK         ; iCLK        ; 20.000       ; 0.310      ; 20.346     ;
; -0.038 ; ID_EX:IDEX_reg|reg_N:reg_ALUSrc|dffg:\GEN_REG:0:DFFI|s_Q  ; IF_ID:IFID_reg|reg_N:reg_Inst|dffg:\GEN_REG:31:DFFI|s_Q    ; iCLK         ; iCLK        ; 20.000       ; 0.324      ; 20.360     ;
; -0.012 ; ID_EX:IDEX_reg|reg_N:reg_RS2Data|dffg:\GEN_REG:1:DFFI|s_Q ; IF_ID:IFID_reg|reg_N:reg_Inst|dffg:\GEN_REG:11:DFFI|s_Q    ; iCLK         ; iCLK        ; 20.000       ; 0.336      ; 20.346     ;
; -0.004 ; ID_EX:IDEX_reg|reg_N:reg_ALUSrc|dffg:\GEN_REG:0:DFFI|s_Q  ; IF_ID:IFID_reg|reg_N:reg_Inst|dffg:\GEN_REG:24:DFFI|s_Q    ; iCLK         ; iCLK        ; 20.000       ; 0.344      ; 20.346     ;
; -0.004 ; ID_EX:IDEX_reg|reg_N:reg_ALUSrc|dffg:\GEN_REG:0:DFFI|s_Q  ; IF_ID:IFID_reg|reg_N:reg_Inst|dffg:\GEN_REG:22:DFFI|s_Q    ; iCLK         ; iCLK        ; 20.000       ; 0.344      ; 20.346     ;
; -0.004 ; ID_EX:IDEX_reg|reg_N:reg_ALUSrc|dffg:\GEN_REG:0:DFFI|s_Q  ; IF_ID:IFID_reg|reg_N:reg_Inst|dffg:\GEN_REG:19:DFFI|s_Q    ; iCLK         ; iCLK        ; 20.000       ; 0.344      ; 20.346     ;
; -0.001 ; ID_EX:IDEX_reg|reg_N:reg_ALUCTL|dffg:\GEN_REG:1:DFFI|s_Q  ; IF_ID:IFID_reg|reg_N:reg_Inst|dffg:\GEN_REG:10:DFFI|s_Q    ; iCLK         ; iCLK        ; 20.000       ; 0.307      ; 20.306     ;
; 0.002  ; ID_EX:IDEX_reg|reg_N:reg_RS1Data|dffg:\GEN_REG:0:DFFI|s_Q ; IF_ID:IFID_reg|reg_N:reg_Inst|dffg:\GEN_REG:10:DFFI|s_Q    ; iCLK         ; iCLK        ; 20.000       ; -0.124     ; 19.872     ;
; 0.007  ; ID_EX:IDEX_reg|reg_N:reg_Imm|dffg:\GEN_REG:1:DFFI|s_Q     ; ID_EX:IDEX_reg|reg_N:reg_Imm|dffg:\GEN_REG:11:DFFI|s_Q     ; iCLK         ; iCLK        ; 20.000       ; 0.250      ; 20.241     ;
; 0.015  ; ID_EX:IDEX_reg|reg_N:reg_Imm|dffg:\GEN_REG:0:DFFI|s_Q     ; ID_EX:IDEX_reg|reg_N:reg_jalr|dffg:\GEN_REG:0:DFFI|s_Q     ; iCLK         ; iCLK        ; 20.000       ; -0.082     ; 19.901     ;
; 0.022  ; ID_EX:IDEX_reg|reg_N:reg_Imm|dffg:\GEN_REG:0:DFFI|s_Q     ; ID_EX:IDEX_reg|reg_N:reg_RS2Data|dffg:\GEN_REG:30:DFFI|s_Q ; iCLK         ; iCLK        ; 20.000       ; -0.092     ; 19.884     ;
; 0.024  ; ID_EX:IDEX_reg|reg_N:reg_Imm|dffg:\GEN_REG:1:DFFI|s_Q     ; IF_ID:IFID_reg|reg_N:reg_Inst|dffg:\GEN_REG:26:DFFI|s_Q    ; iCLK         ; iCLK        ; 20.000       ; 0.310      ; 20.284     ;
; 0.035  ; ID_EX:IDEX_reg|reg_N:reg_Imm|dffg:\GEN_REG:0:DFFI|s_Q     ; reg_N:ProgramCounter|dffg:\GEN_REG:4:DFFI|s_Q              ; iCLK         ; iCLK        ; 20.000       ; 0.326      ; 20.289     ;
; 0.038  ; ID_EX:IDEX_reg|reg_N:reg_ALUSrc|dffg:\GEN_REG:0:DFFI|s_Q  ; IF_ID:IFID_reg|reg_N:reg_Inst|dffg:\GEN_REG:3:DFFI|s_Q     ; iCLK         ; iCLK        ; 20.000       ; 0.316      ; 20.276     ;
; 0.052  ; ID_EX:IDEX_reg|reg_N:reg_RS2Data|dffg:\GEN_REG:0:DFFI|s_Q ; IF_ID:IFID_reg|reg_N:reg_Inst|dffg:\GEN_REG:26:DFFI|s_Q    ; iCLK         ; iCLK        ; 20.000       ; 0.310      ; 20.256     ;
; 0.053  ; ID_EX:IDEX_reg|reg_N:reg_RS2Data|dffg:\GEN_REG:1:DFFI|s_Q ; IF_ID:IFID_reg|reg_N:reg_Inst|dffg:\GEN_REG:25:DFFI|s_Q    ; iCLK         ; iCLK        ; 20.000       ; 0.323      ; 20.268     ;
; 0.053  ; ID_EX:IDEX_reg|reg_N:reg_RS2Data|dffg:\GEN_REG:1:DFFI|s_Q ; IF_ID:IFID_reg|reg_N:reg_Inst|dffg:\GEN_REG:30:DFFI|s_Q    ; iCLK         ; iCLK        ; 20.000       ; 0.323      ; 20.268     ;
; 0.061  ; ID_EX:IDEX_reg|reg_N:reg_Imm|dffg:\GEN_REG:0:DFFI|s_Q     ; ID_EX:IDEX_reg|reg_N:reg_ALUCTL|dffg:\GEN_REG:1:DFFI|s_Q   ; iCLK         ; iCLK        ; 20.000       ; -0.129     ; 19.808     ;
; 0.064  ; ID_EX:IDEX_reg|reg_N:reg_ALUSrc|dffg:\GEN_REG:0:DFFI|s_Q  ; IF_ID:IFID_reg|reg_N:reg_Inst|dffg:\GEN_REG:6:DFFI|s_Q     ; iCLK         ; iCLK        ; 20.000       ; 0.325      ; 20.259     ;
; 0.066  ; ID_EX:IDEX_reg|reg_N:reg_RS2Data|dffg:\GEN_REG:1:DFFI|s_Q ; IF_ID:IFID_reg|reg_N:reg_Inst|dffg:\GEN_REG:13:DFFI|s_Q    ; iCLK         ; iCLK        ; 20.000       ; 0.310      ; 20.242     ;
; 0.066  ; ID_EX:IDEX_reg|reg_N:reg_RS2Data|dffg:\GEN_REG:1:DFFI|s_Q ; IF_ID:IFID_reg|reg_N:reg_Inst|dffg:\GEN_REG:31:DFFI|s_Q    ; iCLK         ; iCLK        ; 20.000       ; 0.324      ; 20.256     ;
; 0.082  ; ID_EX:IDEX_reg|reg_N:reg_Imm|dffg:\GEN_REG:1:DFFI|s_Q     ; IF_ID:IFID_reg|reg_N:reg_Inst|dffg:\GEN_REG:7:DFFI|s_Q     ; iCLK         ; iCLK        ; 20.000       ; 0.317      ; 20.233     ;
; 0.083  ; ID_EX:IDEX_reg|reg_N:reg_RS2Data|dffg:\GEN_REG:0:DFFI|s_Q ; ID_EX:IDEX_reg|reg_N:reg_Imm|dffg:\GEN_REG:11:DFFI|s_Q     ; iCLK         ; iCLK        ; 20.000       ; 0.298      ; 20.213     ;
; 0.083  ; ID_EX:IDEX_reg|reg_N:reg_Imm|dffg:\GEN_REG:1:DFFI|s_Q     ; IF_ID:IFID_reg|reg_N:reg_Inst|dffg:\GEN_REG:14:DFFI|s_Q    ; iCLK         ; iCLK        ; 20.000       ; 0.323      ; 20.238     ;
; 0.084  ; ID_EX:IDEX_reg|reg_N:reg_ALUCTL|dffg:\GEN_REG:1:DFFI|s_Q  ; IF_ID:IFID_reg|reg_N:reg_Inst|dffg:\GEN_REG:11:DFFI|s_Q    ; iCLK         ; iCLK        ; 20.000       ; 0.335      ; 20.249     ;
; 0.087  ; ID_EX:IDEX_reg|reg_N:reg_RS1Data|dffg:\GEN_REG:0:DFFI|s_Q ; IF_ID:IFID_reg|reg_N:reg_Inst|dffg:\GEN_REG:11:DFFI|s_Q    ; iCLK         ; iCLK        ; 20.000       ; -0.096     ; 19.815     ;
; 0.093  ; ID_EX:IDEX_reg|reg_N:reg_Imm|dffg:\GEN_REG:1:DFFI|s_Q     ; IF_ID:IFID_reg|reg_N:reg_Inst|dffg:\GEN_REG:12:DFFI|s_Q    ; iCLK         ; iCLK        ; 20.000       ; 0.287      ; 20.192     ;
; 0.100  ; ID_EX:IDEX_reg|reg_N:reg_RS2Data|dffg:\GEN_REG:1:DFFI|s_Q ; IF_ID:IFID_reg|reg_N:reg_Inst|dffg:\GEN_REG:24:DFFI|s_Q    ; iCLK         ; iCLK        ; 20.000       ; 0.344      ; 20.242     ;
; 0.100  ; ID_EX:IDEX_reg|reg_N:reg_RS2Data|dffg:\GEN_REG:1:DFFI|s_Q ; IF_ID:IFID_reg|reg_N:reg_Inst|dffg:\GEN_REG:22:DFFI|s_Q    ; iCLK         ; iCLK        ; 20.000       ; 0.344      ; 20.242     ;
; 0.100  ; ID_EX:IDEX_reg|reg_N:reg_RS2Data|dffg:\GEN_REG:1:DFFI|s_Q ; IF_ID:IFID_reg|reg_N:reg_Inst|dffg:\GEN_REG:19:DFFI|s_Q    ; iCLK         ; iCLK        ; 20.000       ; 0.344      ; 20.242     ;
; 0.105  ; ID_EX:IDEX_reg|reg_N:reg_Imm|dffg:\GEN_REG:1:DFFI|s_Q     ; reg_N:ProgramCounter|dffg:\GEN_REG:1:DFFI|s_Q              ; iCLK         ; iCLK        ; 20.000       ; -0.081     ; 19.812     ;
; 0.109  ; ID_EX:IDEX_reg|reg_N:reg_Imm|dffg:\GEN_REG:0:DFFI|s_Q     ; reg_N:ProgramCounter|dffg:\GEN_REG:6:DFFI|s_Q              ; iCLK         ; iCLK        ; 20.000       ; 0.317      ; 20.206     ;
; 0.110  ; ID_EX:IDEX_reg|reg_N:reg_RS2Data|dffg:\GEN_REG:0:DFFI|s_Q ; IF_ID:IFID_reg|reg_N:reg_Inst|dffg:\GEN_REG:7:DFFI|s_Q     ; iCLK         ; iCLK        ; 20.000       ; 0.317      ; 20.205     ;
; 0.111  ; ID_EX:IDEX_reg|reg_N:reg_RS2Data|dffg:\GEN_REG:0:DFFI|s_Q ; IF_ID:IFID_reg|reg_N:reg_Inst|dffg:\GEN_REG:14:DFFI|s_Q    ; iCLK         ; iCLK        ; 20.000       ; 0.323      ; 20.210     ;
; 0.117  ; ID_EX:IDEX_reg|reg_N:reg_Imm|dffg:\GEN_REG:1:DFFI|s_Q     ; IF_ID:IFID_reg|reg_N:reg_Inst|dffg:\GEN_REG:29:DFFI|s_Q    ; iCLK         ; iCLK        ; 20.000       ; 0.319      ; 20.200     ;
; 0.117  ; ID_EX:IDEX_reg|reg_N:reg_Imm|dffg:\GEN_REG:1:DFFI|s_Q     ; IF_ID:IFID_reg|reg_N:reg_Inst|dffg:\GEN_REG:23:DFFI|s_Q    ; iCLK         ; iCLK        ; 20.000       ; 0.319      ; 20.200     ;
; 0.121  ; ID_EX:IDEX_reg|reg_N:reg_RS2Data|dffg:\GEN_REG:0:DFFI|s_Q ; IF_ID:IFID_reg|reg_N:reg_Inst|dffg:\GEN_REG:12:DFFI|s_Q    ; iCLK         ; iCLK        ; 20.000       ; 0.287      ; 20.164     ;
; 0.125  ; ID_EX:IDEX_reg|reg_N:reg_Imm|dffg:\GEN_REG:0:DFFI|s_Q     ; IF_ID:IFID_reg|reg_N:reg_Inst|dffg:\GEN_REG:15:DFFI|s_Q    ; iCLK         ; iCLK        ; 20.000       ; 0.322      ; 20.195     ;
; 0.128  ; ID_EX:IDEX_reg|reg_N:reg_Imm|dffg:\GEN_REG:1:DFFI|s_Q     ; IF_ID:IFID_reg|reg_N:reg_Inst|dffg:\GEN_REG:8:DFFI|s_Q     ; iCLK         ; iCLK        ; 20.000       ; 0.319      ; 20.189     ;
+--------+-----------------------------------------------------------+------------------------------------------------------------+--------------+-------------+--------------+------------+------------+


+-------------------------------------------------------------------------------------------------------------------------------------------------------------------------------------------------------------------+
; Slow 1200mV 85C Model Hold: 'iCLK'                                                                                                                                                                                ;
+-------+------------------------------------------------------------------+------------------------------------------------------------------+--------------+-------------+--------------+------------+------------+
; Slack ; From Node                                                        ; To Node                                                          ; Launch Clock ; Latch Clock ; Relationship ; Clock Skew ; Data Delay ;
+-------+------------------------------------------------------------------+------------------------------------------------------------------+--------------+-------------+--------------+------------+------------+
; 0.383 ; reg_N:ProgramCounter|dffg:\GEN_REG:17:DFFI|s_Q                   ; reg_N:ProgramCounter|dffg:\GEN_REG:17:DFFI|s_Q                   ; iCLK         ; iCLK        ; 0.000        ; 0.100      ; 0.669      ;
; 0.383 ; reg_N:ProgramCounter|dffg:\GEN_REG:23:DFFI|s_Q                   ; reg_N:ProgramCounter|dffg:\GEN_REG:23:DFFI|s_Q                   ; iCLK         ; iCLK        ; 0.000        ; 0.100      ; 0.669      ;
; 0.383 ; reg_N:ProgramCounter|dffg:\GEN_REG:21:DFFI|s_Q                   ; reg_N:ProgramCounter|dffg:\GEN_REG:21:DFFI|s_Q                   ; iCLK         ; iCLK        ; 0.000        ; 0.100      ; 0.669      ;
; 0.383 ; reg_N:ProgramCounter|dffg:\GEN_REG:20:DFFI|s_Q                   ; reg_N:ProgramCounter|dffg:\GEN_REG:20:DFFI|s_Q                   ; iCLK         ; iCLK        ; 0.000        ; 0.100      ; 0.669      ;
; 0.383 ; reg_N:ProgramCounter|dffg:\GEN_REG:29:DFFI|s_Q                   ; reg_N:ProgramCounter|dffg:\GEN_REG:29:DFFI|s_Q                   ; iCLK         ; iCLK        ; 0.000        ; 0.100      ; 0.669      ;
; 0.384 ; reg_N:ProgramCounter|dffg:\GEN_REG:3:DFFI|s_Q                    ; reg_N:ProgramCounter|dffg:\GEN_REG:3:DFFI|s_Q                    ; iCLK         ; iCLK        ; 0.000        ; 0.099      ; 0.669      ;
; 0.384 ; reg_N:ProgramCounter|dffg:\GEN_REG:24:DFFI|s_Q                   ; reg_N:ProgramCounter|dffg:\GEN_REG:24:DFFI|s_Q                   ; iCLK         ; iCLK        ; 0.000        ; 0.099      ; 0.669      ;
; 0.384 ; reg_N:ProgramCounter|dffg:\GEN_REG:26:DFFI|s_Q                   ; reg_N:ProgramCounter|dffg:\GEN_REG:26:DFFI|s_Q                   ; iCLK         ; iCLK        ; 0.000        ; 0.099      ; 0.669      ;
; 0.385 ; reg_N:ProgramCounter|dffg:\GEN_REG:6:DFFI|s_Q                    ; reg_N:ProgramCounter|dffg:\GEN_REG:6:DFFI|s_Q                    ; iCLK         ; iCLK        ; 0.000        ; 0.098      ; 0.669      ;
; 0.385 ; reg_N:ProgramCounter|dffg:\GEN_REG:11:DFFI|s_Q                   ; reg_N:ProgramCounter|dffg:\GEN_REG:11:DFFI|s_Q                   ; iCLK         ; iCLK        ; 0.000        ; 0.098      ; 0.669      ;
; 0.385 ; reg_N:ProgramCounter|dffg:\GEN_REG:15:DFFI|s_Q                   ; reg_N:ProgramCounter|dffg:\GEN_REG:15:DFFI|s_Q                   ; iCLK         ; iCLK        ; 0.000        ; 0.098      ; 0.669      ;
; 0.385 ; reg_N:ProgramCounter|dffg:\GEN_REG:14:DFFI|s_Q                   ; reg_N:ProgramCounter|dffg:\GEN_REG:14:DFFI|s_Q                   ; iCLK         ; iCLK        ; 0.000        ; 0.098      ; 0.669      ;
; 0.385 ; reg_N:ProgramCounter|dffg:\GEN_REG:16:DFFI|s_Q                   ; reg_N:ProgramCounter|dffg:\GEN_REG:16:DFFI|s_Q                   ; iCLK         ; iCLK        ; 0.000        ; 0.098      ; 0.669      ;
; 0.386 ; reg_N:ProgramCounter|dffg:\GEN_REG:9:DFFI|s_Q                    ; reg_N:ProgramCounter|dffg:\GEN_REG:9:DFFI|s_Q                    ; iCLK         ; iCLK        ; 0.000        ; 0.097      ; 0.669      ;
; 0.430 ; EX_MEM:EXMEM_reg|reg_N:reg_ALUOut|dffg:\GEN_REG:17:DFFI|s_Q      ; MEM_WB:MEMWB_reg|reg_N:reg_ALUOut|dffg:\GEN_REG:17:DFFI|s_Q      ; iCLK         ; iCLK        ; 0.000        ; 0.080      ; 0.696      ;
; 0.430 ; EX_MEM:EXMEM_reg|reg_N:reg_WRBCKSEL|dffg:\GEN_REG:0:DFFI|s_Q     ; MEM_WB:MEMWB_reg|reg_N:reg_WRBCKSEL|dffg:\GEN_REG:0:DFFI|s_Q     ; iCLK         ; iCLK        ; 0.000        ; 0.080      ; 0.696      ;
; 0.430 ; EX_MEM:EXMEM_reg|reg_N:reg_Inst|dffg:\GEN_REG:7:DFFI|s_Q         ; MEM_WB:MEMWB_reg|reg_N:reg_Inst|dffg:\GEN_REG:7:DFFI|s_Q         ; iCLK         ; iCLK        ; 0.000        ; 0.080      ; 0.696      ;
; 0.431 ; EX_MEM:EXMEM_reg|reg_N:reg_Inst|dffg:\GEN_REG:10:DFFI|s_Q        ; MEM_WB:MEMWB_reg|reg_N:reg_Inst|dffg:\GEN_REG:10:DFFI|s_Q        ; iCLK         ; iCLK        ; 0.000        ; 0.080      ; 0.697      ;
; 0.432 ; reg_N:reg_Imm_EX_MEM|dffg:\GEN_REG:17:DFFI|s_Q                   ; MEM_WB:MEMWB_reg|reg_N:reg_Imm|dffg:\GEN_REG:17:DFFI|s_Q         ; iCLK         ; iCLK        ; 0.000        ; 0.080      ; 0.698      ;
; 0.432 ; EX_MEM:EXMEM_reg|reg_N:reg_Inst|dffg:\GEN_REG:9:DFFI|s_Q         ; MEM_WB:MEMWB_reg|reg_N:reg_Inst|dffg:\GEN_REG:9:DFFI|s_Q         ; iCLK         ; iCLK        ; 0.000        ; 0.080      ; 0.698      ;
; 0.438 ; reg_N:ProgramCounter|dffg:\GEN_REG:29:DFFI|s_Q                   ; IF_ID:IFID_reg|reg_N:reg_PCInc|dffg:\GEN_REG:29:DFFI|s_Q         ; iCLK         ; iCLK        ; 0.000        ; 0.100      ; 0.724      ;
; 0.473 ; ID_EX:IDEX_reg|reg_N:reg_Imm|dffg:\GEN_REG:0:DFFI|s_Q            ; reg_N:ProgramCounter|dffg:\GEN_REG:1:DFFI|s_Q                    ; iCLK         ; iCLK        ; 0.000        ; 0.082      ; 0.741      ;
; 0.590 ; IF_ID:IFID_reg|reg_N:reg_PC|dffg:\GEN_REG:22:DFFI|s_Q            ; ID_EX:IDEX_reg|reg_N:reg_PC|dffg:\GEN_REG:22:DFFI|s_Q            ; iCLK         ; iCLK        ; 0.000        ; 0.081      ; 0.857      ;
; 0.592 ; reg_N:reg_Imm_EX_MEM|dffg:\GEN_REG:4:DFFI|s_Q                    ; MEM_WB:MEMWB_reg|reg_N:reg_Imm|dffg:\GEN_REG:4:DFFI|s_Q          ; iCLK         ; iCLK        ; 0.000        ; 0.081      ; 0.859      ;
; 0.600 ; EX_MEM:EXMEM_reg|reg_N:reg_PCWriteBack|dffg:\GEN_REG:18:DFFI|s_Q ; MEM_WB:MEMWB_reg|reg_N:reg_PCWriteBack|dffg:\GEN_REG:18:DFFI|s_Q ; iCLK         ; iCLK        ; 0.000        ; 0.081      ; 0.867      ;
; 0.600 ; reg_N:reg_Imm_EX_MEM|dffg:\GEN_REG:0:DFFI|s_Q                    ; MEM_WB:MEMWB_reg|reg_N:reg_Imm|dffg:\GEN_REG:0:DFFI|s_Q          ; iCLK         ; iCLK        ; 0.000        ; 0.080      ; 0.866      ;
; 0.600 ; reg_N:reg_Imm_EX_MEM|dffg:\GEN_REG:3:DFFI|s_Q                    ; MEM_WB:MEMWB_reg|reg_N:reg_Imm|dffg:\GEN_REG:3:DFFI|s_Q          ; iCLK         ; iCLK        ; 0.000        ; 0.080      ; 0.866      ;
; 0.600 ; EX_MEM:EXMEM_reg|reg_N:reg_PCWriteBack|dffg:\GEN_REG:5:DFFI|s_Q  ; MEM_WB:MEMWB_reg|reg_N:reg_PCWriteBack|dffg:\GEN_REG:5:DFFI|s_Q  ; iCLK         ; iCLK        ; 0.000        ; 0.080      ; 0.866      ;
; 0.600 ; reg_N:reg_Imm_EX_MEM|dffg:\GEN_REG:6:DFFI|s_Q                    ; MEM_WB:MEMWB_reg|reg_N:reg_Imm|dffg:\GEN_REG:6:DFFI|s_Q          ; iCLK         ; iCLK        ; 0.000        ; 0.080      ; 0.866      ;
; 0.600 ; EX_MEM:EXMEM_reg|reg_N:reg_Inst|dffg:\GEN_REG:8:DFFI|s_Q         ; MEM_WB:MEMWB_reg|reg_N:reg_Inst|dffg:\GEN_REG:8:DFFI|s_Q         ; iCLK         ; iCLK        ; 0.000        ; 0.082      ; 0.868      ;
; 0.601 ; reg_N:reg_Imm_EX_MEM|dffg:\GEN_REG:11:DFFI|s_Q                   ; MEM_WB:MEMWB_reg|reg_N:reg_Imm|dffg:\GEN_REG:11:DFFI|s_Q         ; iCLK         ; iCLK        ; 0.000        ; 0.080      ; 0.867      ;
; 0.601 ; reg_N:reg_Imm_EX_MEM|dffg:\GEN_REG:10:DFFI|s_Q                   ; MEM_WB:MEMWB_reg|reg_N:reg_Imm|dffg:\GEN_REG:10:DFFI|s_Q         ; iCLK         ; iCLK        ; 0.000        ; 0.080      ; 0.867      ;
; 0.601 ; reg_N:reg_Imm_EX_MEM|dffg:\GEN_REG:5:DFFI|s_Q                    ; MEM_WB:MEMWB_reg|reg_N:reg_Imm|dffg:\GEN_REG:5:DFFI|s_Q          ; iCLK         ; iCLK        ; 0.000        ; 0.080      ; 0.867      ;
; 0.602 ; EX_MEM:EXMEM_reg|reg_N:reg_regWrite|dffg:\GEN_REG:0:DFFI|s_Q     ; MEM_WB:MEMWB_reg|reg_N:reg_regWrite|dffg:\GEN_REG:0:DFFI|s_Q     ; iCLK         ; iCLK        ; 0.000        ; 0.080      ; 0.868      ;
; 0.602 ; reg_N:reg_Imm_EX_MEM|dffg:\GEN_REG:29:DFFI|s_Q                   ; MEM_WB:MEMWB_reg|reg_N:reg_Imm|dffg:\GEN_REG:29:DFFI|s_Q         ; iCLK         ; iCLK        ; 0.000        ; 0.080      ; 0.868      ;
; 0.603 ; EX_MEM:EXMEM_reg|reg_N:reg_PCWriteBack|dffg:\GEN_REG:15:DFFI|s_Q ; MEM_WB:MEMWB_reg|reg_N:reg_PCWriteBack|dffg:\GEN_REG:15:DFFI|s_Q ; iCLK         ; iCLK        ; 0.000        ; 0.080      ; 0.869      ;
; 0.616 ; ID_EX:IDEX_reg|reg_N:reg_PCInc|dffg:\GEN_REG:12:DFFI|s_Q         ; EX_MEM:EXMEM_reg|reg_N:reg_PCWriteBack|dffg:\GEN_REG:12:DFFI|s_Q ; iCLK         ; iCLK        ; 0.000        ; 0.080      ; 0.882      ;
; 0.619 ; IF_ID:IFID_reg|reg_N:reg_PCInc|dffg:\GEN_REG:27:DFFI|s_Q         ; ID_EX:IDEX_reg|reg_N:reg_PCInc|dffg:\GEN_REG:27:DFFI|s_Q         ; iCLK         ; iCLK        ; 0.000        ; 0.082      ; 0.887      ;
; 0.620 ; reg_N:reg_Imm_EX_MEM|dffg:\GEN_REG:30:DFFI|s_Q                   ; MEM_WB:MEMWB_reg|reg_N:reg_Imm|dffg:\GEN_REG:30:DFFI|s_Q         ; iCLK         ; iCLK        ; 0.000        ; 0.081      ; 0.887      ;
; 0.635 ; ID_EX:IDEX_reg|reg_N:reg_PCInc|dffg:\GEN_REG:29:DFFI|s_Q         ; EX_MEM:EXMEM_reg|reg_N:reg_PCWriteBack|dffg:\GEN_REG:29:DFFI|s_Q ; iCLK         ; iCLK        ; 0.000        ; 0.081      ; 0.902      ;
; 0.639 ; ID_EX:IDEX_reg|reg_N:reg_PCInc|dffg:\GEN_REG:18:DFFI|s_Q         ; EX_MEM:EXMEM_reg|reg_N:reg_PCWriteBack|dffg:\GEN_REG:18:DFFI|s_Q ; iCLK         ; iCLK        ; 0.000        ; 0.081      ; 0.906      ;
; 0.639 ; ID_EX:IDEX_reg|reg_N:reg_PCInc|dffg:\GEN_REG:25:DFFI|s_Q         ; EX_MEM:EXMEM_reg|reg_N:reg_PCWriteBack|dffg:\GEN_REG:25:DFFI|s_Q ; iCLK         ; iCLK        ; 0.000        ; 0.080      ; 0.905      ;
; 0.640 ; ID_EX:IDEX_reg|reg_N:reg_PCInc|dffg:\GEN_REG:14:DFFI|s_Q         ; EX_MEM:EXMEM_reg|reg_N:reg_PCWriteBack|dffg:\GEN_REG:14:DFFI|s_Q ; iCLK         ; iCLK        ; 0.000        ; 0.080      ; 0.906      ;
; 0.655 ; IF_ID:IFID_reg|reg_N:reg_PCInc|dffg:\GEN_REG:0:DFFI|s_Q          ; ID_EX:IDEX_reg|reg_N:reg_PCInc|dffg:\GEN_REG:0:DFFI|s_Q          ; iCLK         ; iCLK        ; 0.000        ; 0.082      ; 0.923      ;
; 0.656 ; IF_ID:IFID_reg|reg_N:reg_PC|dffg:\GEN_REG:28:DFFI|s_Q            ; ID_EX:IDEX_reg|reg_N:reg_PC|dffg:\GEN_REG:28:DFFI|s_Q            ; iCLK         ; iCLK        ; 0.000        ; 0.081      ; 0.923      ;
; 0.675 ; IF_ID:IFID_reg|reg_N:reg_PCInc|dffg:\GEN_REG:8:DFFI|s_Q          ; ID_EX:IDEX_reg|reg_N:reg_PCInc|dffg:\GEN_REG:8:DFFI|s_Q          ; iCLK         ; iCLK        ; 0.000        ; 0.100      ; 0.961      ;
; 0.681 ; IF_ID:IFID_reg|reg_N:reg_PCInc|dffg:\GEN_REG:13:DFFI|s_Q         ; ID_EX:IDEX_reg|reg_N:reg_PCInc|dffg:\GEN_REG:13:DFFI|s_Q         ; iCLK         ; iCLK        ; 0.000        ; 0.098      ; 0.965      ;
; 0.691 ; ID_EX:IDEX_reg|reg_N:reg_Imm|dffg:\GEN_REG:0:DFFI|s_Q            ; EX_MEM:EXMEM_reg|reg_N:reg_PCWriteBack|dffg:\GEN_REG:0:DFFI|s_Q  ; iCLK         ; iCLK        ; 0.000        ; 0.082      ; 0.959      ;
; 0.696 ; IF_ID:IFID_reg|reg_N:reg_PCInc|dffg:\GEN_REG:21:DFFI|s_Q         ; ID_EX:IDEX_reg|reg_N:reg_PCInc|dffg:\GEN_REG:21:DFFI|s_Q         ; iCLK         ; iCLK        ; 0.000        ; 0.081      ; 0.963      ;
; 0.697 ; IF_ID:IFID_reg|reg_N:reg_PC|dffg:\GEN_REG:8:DFFI|s_Q             ; ID_EX:IDEX_reg|reg_N:reg_PC|dffg:\GEN_REG:8:DFFI|s_Q             ; iCLK         ; iCLK        ; 0.000        ; 0.081      ; 0.964      ;
; 0.697 ; IF_ID:IFID_reg|reg_N:reg_PCInc|dffg:\GEN_REG:10:DFFI|s_Q         ; ID_EX:IDEX_reg|reg_N:reg_PCInc|dffg:\GEN_REG:10:DFFI|s_Q         ; iCLK         ; iCLK        ; 0.000        ; 0.080      ; 0.963      ;
; 0.697 ; IF_ID:IFID_reg|reg_N:reg_PC|dffg:\GEN_REG:31:DFFI|s_Q            ; ID_EX:IDEX_reg|reg_N:reg_PC|dffg:\GEN_REG:31:DFFI|s_Q            ; iCLK         ; iCLK        ; 0.000        ; 0.081      ; 0.964      ;
; 0.701 ; ID_EX:IDEX_reg|reg_N:reg_PCInc|dffg:\GEN_REG:0:DFFI|s_Q          ; EX_MEM:EXMEM_reg|reg_N:reg_PCWriteBack|dffg:\GEN_REG:0:DFFI|s_Q  ; iCLK         ; iCLK        ; 0.000        ; 0.082      ; 0.969      ;
; 0.705 ; ID_EX:IDEX_reg|reg_N:reg_PCInc|dffg:\GEN_REG:1:DFFI|s_Q          ; EX_MEM:EXMEM_reg|reg_N:reg_PCWriteBack|dffg:\GEN_REG:1:DFFI|s_Q  ; iCLK         ; iCLK        ; 0.000        ; 0.082      ; 0.973      ;
; 0.708 ; ID_EX:IDEX_reg|reg_N:reg_jalr|dffg:\GEN_REG:0:DFFI|s_Q           ; reg_N:ProgramCounter|dffg:\GEN_REG:0:DFFI|s_Q                    ; iCLK         ; iCLK        ; 0.000        ; 0.081      ; 0.975      ;
; 0.711 ; reg_N:ProgramCounter|dffg:\GEN_REG:25:DFFI|s_Q                   ; IF_ID:IFID_reg|reg_N:reg_PC|dffg:\GEN_REG:25:DFFI|s_Q            ; iCLK         ; iCLK        ; 0.000        ; 0.099      ; 0.996      ;
; 0.715 ; ID_EX:IDEX_reg|reg_N:reg_PCInc|dffg:\GEN_REG:20:DFFI|s_Q         ; EX_MEM:EXMEM_reg|reg_N:reg_PCWriteBack|dffg:\GEN_REG:20:DFFI|s_Q ; iCLK         ; iCLK        ; 0.000        ; 0.080      ; 0.981      ;
; 0.719 ; reg_N:ProgramCounter|dffg:\GEN_REG:21:DFFI|s_Q                   ; IF_ID:IFID_reg|reg_N:reg_PCInc|dffg:\GEN_REG:22:DFFI|s_Q         ; iCLK         ; iCLK        ; 0.000        ; 0.100      ; 1.005      ;
; 0.719 ; reg_N:ProgramCounter|dffg:\GEN_REG:4:DFFI|s_Q                    ; IF_ID:IFID_reg|reg_N:reg_PCInc|dffg:\GEN_REG:4:DFFI|s_Q          ; iCLK         ; iCLK        ; 0.000        ; 0.099      ; 1.004      ;
; 0.719 ; IF_ID:IFID_reg|reg_N:reg_PCInc|dffg:\GEN_REG:31:DFFI|s_Q         ; ID_EX:IDEX_reg|reg_N:reg_PCInc|dffg:\GEN_REG:31:DFFI|s_Q         ; iCLK         ; iCLK        ; 0.000        ; 0.082      ; 0.987      ;
; 0.721 ; reg_N:ProgramCounter|dffg:\GEN_REG:10:DFFI|s_Q                   ; IF_ID:IFID_reg|reg_N:reg_PC|dffg:\GEN_REG:10:DFFI|s_Q            ; iCLK         ; iCLK        ; 0.000        ; 0.097      ; 1.004      ;
; 0.722 ; reg_N:ProgramCounter|dffg:\GEN_REG:6:DFFI|s_Q                    ; IF_ID:IFID_reg|reg_N:reg_PC|dffg:\GEN_REG:6:DFFI|s_Q             ; iCLK         ; iCLK        ; 0.000        ; 0.098      ; 1.006      ;
; 0.731 ; reg_N:ProgramCounter|dffg:\GEN_REG:9:DFFI|s_Q                    ; IF_ID:IFID_reg|reg_N:reg_PCInc|dffg:\GEN_REG:9:DFFI|s_Q          ; iCLK         ; iCLK        ; 0.000        ; 0.097      ; 1.014      ;
; 0.738 ; reg_N:ProgramCounter|dffg:\GEN_REG:20:DFFI|s_Q                   ; IF_ID:IFID_reg|reg_N:reg_PCInc|dffg:\GEN_REG:20:DFFI|s_Q         ; iCLK         ; iCLK        ; 0.000        ; 0.100      ; 1.024      ;
; 0.739 ; ID_EX:IDEX_reg|reg_N:reg_PCInc|dffg:\GEN_REG:28:DFFI|s_Q         ; EX_MEM:EXMEM_reg|reg_N:reg_PCWriteBack|dffg:\GEN_REG:28:DFFI|s_Q ; iCLK         ; iCLK        ; 0.000        ; 0.080      ; 1.005      ;
; 0.748 ; reg_N:ProgramCounter|dffg:\GEN_REG:17:DFFI|s_Q                   ; IF_ID:IFID_reg|reg_N:reg_PCInc|dffg:\GEN_REG:17:DFFI|s_Q         ; iCLK         ; iCLK        ; 0.000        ; 0.100      ; 1.034      ;
; 0.764 ; EX_MEM:EXMEM_reg|reg_N:reg_PCWriteBack|dffg:\GEN_REG:21:DFFI|s_Q ; MEM_WB:MEMWB_reg|reg_N:reg_PCWriteBack|dffg:\GEN_REG:21:DFFI|s_Q ; iCLK         ; iCLK        ; 0.000        ; 0.082      ; 1.032      ;
; 0.788 ; ID_EX:IDEX_reg|reg_N:reg_RS2Data|dffg:\GEN_REG:30:DFFI|s_Q       ; EX_MEM:EXMEM_reg|reg_N:reg_RS2Data|dffg:\GEN_REG:30:DFFI|s_Q     ; iCLK         ; iCLK        ; 0.000        ; 0.082      ; 1.056      ;
; 0.790 ; reg_N:ProgramCounter|dffg:\GEN_REG:27:DFFI|s_Q                   ; reg_N:ProgramCounter|dffg:\GEN_REG:28:DFFI|s_Q                   ; iCLK         ; iCLK        ; 0.000        ; 0.100      ; 1.076      ;
; 0.794 ; reg_N:reg_Imm_EX_MEM|dffg:\GEN_REG:18:DFFI|s_Q                   ; MEM_WB:MEMWB_reg|reg_N:reg_Imm|dffg:\GEN_REG:18:DFFI|s_Q         ; iCLK         ; iCLK        ; 0.000        ; 0.079      ; 1.059      ;
; 0.795 ; ID_EX:IDEX_reg|reg_N:reg_PCInc|dffg:\GEN_REG:31:DFFI|s_Q         ; EX_MEM:EXMEM_reg|reg_N:reg_PCWriteBack|dffg:\GEN_REG:31:DFFI|s_Q ; iCLK         ; iCLK        ; 0.000        ; 0.080      ; 1.061      ;
; 0.801 ; EX_MEM:EXMEM_reg|reg_N:reg_PCWriteBack|dffg:\GEN_REG:13:DFFI|s_Q ; MEM_WB:MEMWB_reg|reg_N:reg_PCWriteBack|dffg:\GEN_REG:13:DFFI|s_Q ; iCLK         ; iCLK        ; 0.000        ; 0.081      ; 1.068      ;
; 0.806 ; reg_N:ProgramCounter|dffg:\GEN_REG:3:DFFI|s_Q                    ; reg_N:ProgramCounter|dffg:\GEN_REG:5:DFFI|s_Q                    ; iCLK         ; iCLK        ; 0.000        ; 0.099      ; 1.091      ;
; 0.833 ; IF_ID:IFID_reg|reg_N:reg_PCInc|dffg:\GEN_REG:26:DFFI|s_Q         ; ID_EX:IDEX_reg|reg_N:reg_PCInc|dffg:\GEN_REG:26:DFFI|s_Q         ; iCLK         ; iCLK        ; 0.000        ; 0.101      ; 1.120      ;
; 0.836 ; ID_EX:IDEX_reg|reg_N:reg_PCInc|dffg:\GEN_REG:30:DFFI|s_Q         ; EX_MEM:EXMEM_reg|reg_N:reg_PCWriteBack|dffg:\GEN_REG:30:DFFI|s_Q ; iCLK         ; iCLK        ; 0.000        ; 0.080      ; 1.102      ;
; 0.836 ; ID_EX:IDEX_reg|reg_N:reg_Imm|dffg:\GEN_REG:31:DFFI|s_Q           ; reg_N:reg_Imm_EX_MEM|dffg:\GEN_REG:31:DFFI|s_Q                   ; iCLK         ; iCLK        ; 0.000        ; 0.072      ; 1.094      ;
; 0.841 ; EX_MEM:EXMEM_reg|reg_N:reg_ALUOut|dffg:\GEN_REG:1:DFFI|s_Q       ; MEM_WB:MEMWB_reg|reg_N:reg_ALUOut|dffg:\GEN_REG:1:DFFI|s_Q       ; iCLK         ; iCLK        ; 0.000        ; 0.081      ; 1.108      ;
; 0.842 ; ID_EX:IDEX_reg|reg_N:reg_PCInc|dffg:\GEN_REG:17:DFFI|s_Q         ; EX_MEM:EXMEM_reg|reg_N:reg_PCWriteBack|dffg:\GEN_REG:17:DFFI|s_Q ; iCLK         ; iCLK        ; 0.000        ; -0.333     ; 0.695      ;
; 0.844 ; reg_N:reg_Imm_EX_MEM|dffg:\GEN_REG:14:DFFI|s_Q                   ; MEM_WB:MEMWB_reg|reg_N:reg_Imm|dffg:\GEN_REG:14:DFFI|s_Q         ; iCLK         ; iCLK        ; 0.000        ; -0.334     ; 0.696      ;
; 0.845 ; ID_EX:IDEX_reg|reg_N:reg_PCInc|dffg:\GEN_REG:22:DFFI|s_Q         ; EX_MEM:EXMEM_reg|reg_N:reg_PCWriteBack|dffg:\GEN_REG:22:DFFI|s_Q ; iCLK         ; iCLK        ; 0.000        ; 0.082      ; 1.113      ;
; 0.846 ; ID_EX:IDEX_reg|reg_N:reg_PCInc|dffg:\GEN_REG:13:DFFI|s_Q         ; EX_MEM:EXMEM_reg|reg_N:reg_PCWriteBack|dffg:\GEN_REG:13:DFFI|s_Q ; iCLK         ; iCLK        ; 0.000        ; -0.334     ; 0.698      ;
; 0.846 ; ID_EX:IDEX_reg|reg_N:reg_PCInc|dffg:\GEN_REG:6:DFFI|s_Q          ; EX_MEM:EXMEM_reg|reg_N:reg_PCWriteBack|dffg:\GEN_REG:6:DFFI|s_Q  ; iCLK         ; iCLK        ; 0.000        ; -0.335     ; 0.697      ;
; 0.859 ; reg_N:ProgramCounter|dffg:\GEN_REG:29:DFFI|s_Q                   ; IF_ID:IFID_reg|reg_N:reg_PC|dffg:\GEN_REG:29:DFFI|s_Q            ; iCLK         ; iCLK        ; 0.000        ; 0.101      ; 1.146      ;
; 0.859 ; ID_EX:IDEX_reg|reg_N:reg_PCInc|dffg:\GEN_REG:21:DFFI|s_Q         ; EX_MEM:EXMEM_reg|reg_N:reg_PCWriteBack|dffg:\GEN_REG:21:DFFI|s_Q ; iCLK         ; iCLK        ; 0.000        ; 0.080      ; 1.125      ;
; 0.860 ; IF_ID:IFID_reg|reg_N:reg_PC|dffg:\GEN_REG:17:DFFI|s_Q            ; ID_EX:IDEX_reg|reg_N:reg_PC|dffg:\GEN_REG:17:DFFI|s_Q            ; iCLK         ; iCLK        ; 0.000        ; 0.082      ; 1.128      ;
; 0.860 ; IF_ID:IFID_reg|reg_N:reg_PCInc|dffg:\GEN_REG:11:DFFI|s_Q         ; ID_EX:IDEX_reg|reg_N:reg_PCInc|dffg:\GEN_REG:11:DFFI|s_Q         ; iCLK         ; iCLK        ; 0.000        ; 0.082      ; 1.128      ;
; 0.860 ; IF_ID:IFID_reg|reg_N:reg_PCInc|dffg:\GEN_REG:1:DFFI|s_Q          ; ID_EX:IDEX_reg|reg_N:reg_PCInc|dffg:\GEN_REG:1:DFFI|s_Q          ; iCLK         ; iCLK        ; 0.000        ; 0.081      ; 1.127      ;
; 0.861 ; IF_ID:IFID_reg|reg_N:reg_PCInc|dffg:\GEN_REG:12:DFFI|s_Q         ; ID_EX:IDEX_reg|reg_N:reg_PCInc|dffg:\GEN_REG:12:DFFI|s_Q         ; iCLK         ; iCLK        ; 0.000        ; 0.082      ; 1.129      ;
; 0.862 ; IF_ID:IFID_reg|reg_N:reg_PCInc|dffg:\GEN_REG:16:DFFI|s_Q         ; ID_EX:IDEX_reg|reg_N:reg_PCInc|dffg:\GEN_REG:16:DFFI|s_Q         ; iCLK         ; iCLK        ; 0.000        ; 0.080      ; 1.128      ;
; 0.866 ; reg_N:ProgramCounter|dffg:\GEN_REG:30:DFFI|s_Q                   ; IF_ID:IFID_reg|reg_N:reg_PC|dffg:\GEN_REG:30:DFFI|s_Q            ; iCLK         ; iCLK        ; 0.000        ; 0.101      ; 1.153      ;
; 0.867 ; reg_N:ProgramCounter|dffg:\GEN_REG:24:DFFI|s_Q                   ; IF_ID:IFID_reg|reg_N:reg_PCInc|dffg:\GEN_REG:24:DFFI|s_Q         ; iCLK         ; iCLK        ; 0.000        ; 0.099      ; 1.152      ;
; 0.870 ; IF_ID:IFID_reg|reg_N:reg_PCInc|dffg:\GEN_REG:17:DFFI|s_Q         ; ID_EX:IDEX_reg|reg_N:reg_PCInc|dffg:\GEN_REG:17:DFFI|s_Q         ; iCLK         ; iCLK        ; 0.000        ; 0.070      ; 1.126      ;
; 0.872 ; ID_EX:IDEX_reg|reg_N:reg_PCInc|dffg:\GEN_REG:4:DFFI|s_Q          ; EX_MEM:EXMEM_reg|reg_N:reg_PCWriteBack|dffg:\GEN_REG:4:DFFI|s_Q  ; iCLK         ; iCLK        ; 0.000        ; -0.362     ; 0.696      ;
; 0.872 ; ID_EX:IDEX_reg|reg_N:reg_PCInc|dffg:\GEN_REG:3:DFFI|s_Q          ; EX_MEM:EXMEM_reg|reg_N:reg_PCWriteBack|dffg:\GEN_REG:3:DFFI|s_Q  ; iCLK         ; iCLK        ; 0.000        ; -0.362     ; 0.696      ;
; 0.873 ; IF_ID:IFID_reg|reg_N:reg_PCInc|dffg:\GEN_REG:29:DFFI|s_Q         ; ID_EX:IDEX_reg|reg_N:reg_PCInc|dffg:\GEN_REG:29:DFFI|s_Q         ; iCLK         ; iCLK        ; 0.000        ; -0.363     ; 0.696      ;
; 0.885 ; IF_ID:IFID_reg|reg_N:reg_PCInc|dffg:\GEN_REG:15:DFFI|s_Q         ; ID_EX:IDEX_reg|reg_N:reg_PCInc|dffg:\GEN_REG:15:DFFI|s_Q         ; iCLK         ; iCLK        ; 0.000        ; 0.098      ; 1.169      ;
; 0.887 ; ID_EX:IDEX_reg|reg_N:reg_PCInc|dffg:\GEN_REG:0:DFFI|s_Q          ; reg_N:ProgramCounter|dffg:\GEN_REG:0:DFFI|s_Q                    ; iCLK         ; iCLK        ; 0.000        ; 0.081      ; 1.154      ;
; 0.893 ; reg_N:ProgramCounter|dffg:\GEN_REG:23:DFFI|s_Q                   ; IF_ID:IFID_reg|reg_N:reg_PCInc|dffg:\GEN_REG:24:DFFI|s_Q         ; iCLK         ; iCLK        ; 0.000        ; 0.081      ; 1.160      ;
; 0.896 ; IF_ID:IFID_reg|reg_N:reg_PC|dffg:\GEN_REG:3:DFFI|s_Q             ; ID_EX:IDEX_reg|reg_N:reg_PC|dffg:\GEN_REG:3:DFFI|s_Q             ; iCLK         ; iCLK        ; 0.000        ; 0.081      ; 1.163      ;
; 0.896 ; reg_N:ProgramCounter|dffg:\GEN_REG:22:DFFI|s_Q                   ; IF_ID:IFID_reg|reg_N:reg_PC|dffg:\GEN_REG:22:DFFI|s_Q            ; iCLK         ; iCLK        ; 0.000        ; -0.363     ; 0.719      ;
+-------+------------------------------------------------------------------+------------------------------------------------------------------+--------------+-------------+--------------+------------+------------+


-----------------------------------------------
; Slow 1200mV 85C Model Metastability Summary ;
-----------------------------------------------
No synchronizer chains to report.


+-------------------------------------------------+
; Slow 1200mV 0C Model Fmax Summary               ;
+-----------+-----------------+------------+------+
; Fmax      ; Restricted Fmax ; Clock Name ; Note ;
+-----------+-----------------+------------+------+
; 51.71 MHz ; 51.71 MHz       ; iCLK       ;      ;
+-----------+-----------------+------------+------+
This panel reports FMAX for every clock in the design, regardless of the user-specified clock periods.  FMAX is only computed for paths where the source and destination registers or ports are driven by the same clock.  Paths of different clocks, including generated clocks, are ignored.  For paths between a clock and its inversion, FMAX is computed as if the rising and falling edges are scaled along with FMAX, such that the duty cycle (in terms of a percentage) is maintained. Altera recommends that you always use clock constraints and other slack reports for sign-off analysis.


+------------------------------------+
; Slow 1200mV 0C Model Setup Summary ;
+-------+-------+--------------------+
; Clock ; Slack ; End Point TNS      ;
+-------+-------+--------------------+
; iCLK  ; 0.663 ; 0.000              ;
+-------+-------+--------------------+


+-----------------------------------+
; Slow 1200mV 0C Model Hold Summary ;
+-------+-------+-------------------+
; Clock ; Slack ; End Point TNS     ;
+-------+-------+-------------------+
; iCLK  ; 0.336 ; 0.000             ;
+-------+-------+-------------------+


-----------------------------------------
; Slow 1200mV 0C Model Recovery Summary ;
-----------------------------------------
No paths to report.


----------------------------------------
; Slow 1200mV 0C Model Removal Summary ;
----------------------------------------
No paths to report.


+--------------------------------------------------+
; Slow 1200mV 0C Model Minimum Pulse Width Summary ;
+-------+-------+----------------------------------+
; Clock ; Slack ; End Point TNS                    ;
+-------+-------+----------------------------------+
; iCLK  ; 9.770 ; 0.000                            ;
+-------+-------+----------------------------------+


+------------------------------------------------------------------------------------------------------------------------------------------------------------------------------------------------------+
; Slow 1200mV 0C Model Setup: 'iCLK'                                                                                                                                                                   ;
+-------+-----------------------------------------------------------+------------------------------------------------------------+--------------+-------------+--------------+------------+------------+
; Slack ; From Node                                                 ; To Node                                                    ; Launch Clock ; Latch Clock ; Relationship ; Clock Skew ; Data Delay ;
+-------+-----------------------------------------------------------+------------------------------------------------------------+--------------+-------------+--------------+------------+------------+
; 0.663 ; ID_EX:IDEX_reg|reg_N:reg_Imm|dffg:\GEN_REG:0:DFFI|s_Q     ; IF_ID:IFID_reg|reg_N:reg_Inst|dffg:\GEN_REG:10:DFFI|s_Q    ; iCLK         ; iCLK        ; 20.000       ; 0.262      ; 19.598     ;
; 0.741 ; ID_EX:IDEX_reg|reg_N:reg_Imm|dffg:\GEN_REG:0:DFFI|s_Q     ; IF_ID:IFID_reg|reg_N:reg_Inst|dffg:\GEN_REG:11:DFFI|s_Q    ; iCLK         ; iCLK        ; 20.000       ; 0.288      ; 19.546     ;
; 0.782 ; ID_EX:IDEX_reg|reg_N:reg_Imm|dffg:\GEN_REG:0:DFFI|s_Q     ; IF_ID:IFID_reg|reg_N:reg_Inst|dffg:\GEN_REG:25:DFFI|s_Q    ; iCLK         ; iCLK        ; 20.000       ; 0.276      ; 19.493     ;
; 0.782 ; ID_EX:IDEX_reg|reg_N:reg_Imm|dffg:\GEN_REG:0:DFFI|s_Q     ; IF_ID:IFID_reg|reg_N:reg_Inst|dffg:\GEN_REG:30:DFFI|s_Q    ; iCLK         ; iCLK        ; 20.000       ; 0.276      ; 19.493     ;
; 0.809 ; ID_EX:IDEX_reg|reg_N:reg_Imm|dffg:\GEN_REG:0:DFFI|s_Q     ; IF_ID:IFID_reg|reg_N:reg_Inst|dffg:\GEN_REG:13:DFFI|s_Q    ; iCLK         ; iCLK        ; 20.000       ; 0.285      ; 19.475     ;
; 0.810 ; ID_EX:IDEX_reg|reg_N:reg_Imm|dffg:\GEN_REG:0:DFFI|s_Q     ; IF_ID:IFID_reg|reg_N:reg_Inst|dffg:\GEN_REG:31:DFFI|s_Q    ; iCLK         ; iCLK        ; 20.000       ; 0.298      ; 19.487     ;
; 0.842 ; ID_EX:IDEX_reg|reg_N:reg_Imm|dffg:\GEN_REG:0:DFFI|s_Q     ; IF_ID:IFID_reg|reg_N:reg_Inst|dffg:\GEN_REG:24:DFFI|s_Q    ; iCLK         ; iCLK        ; 20.000       ; 0.318      ; 19.475     ;
; 0.842 ; ID_EX:IDEX_reg|reg_N:reg_Imm|dffg:\GEN_REG:0:DFFI|s_Q     ; IF_ID:IFID_reg|reg_N:reg_Inst|dffg:\GEN_REG:22:DFFI|s_Q    ; iCLK         ; iCLK        ; 20.000       ; 0.318      ; 19.475     ;
; 0.842 ; ID_EX:IDEX_reg|reg_N:reg_Imm|dffg:\GEN_REG:0:DFFI|s_Q     ; IF_ID:IFID_reg|reg_N:reg_Inst|dffg:\GEN_REG:19:DFFI|s_Q    ; iCLK         ; iCLK        ; 20.000       ; 0.318      ; 19.475     ;
; 0.883 ; ID_EX:IDEX_reg|reg_N:reg_Imm|dffg:\GEN_REG:0:DFFI|s_Q     ; IF_ID:IFID_reg|reg_N:reg_Inst|dffg:\GEN_REG:3:DFFI|s_Q     ; iCLK         ; iCLK        ; 20.000       ; 0.291      ; 19.407     ;
; 0.908 ; ID_EX:IDEX_reg|reg_N:reg_Imm|dffg:\GEN_REG:0:DFFI|s_Q     ; IF_ID:IFID_reg|reg_N:reg_Inst|dffg:\GEN_REG:6:DFFI|s_Q     ; iCLK         ; iCLK        ; 20.000       ; 0.299      ; 19.390     ;
; 0.997 ; ID_EX:IDEX_reg|reg_N:reg_Imm|dffg:\GEN_REG:0:DFFI|s_Q     ; ID_EX:IDEX_reg|reg_N:reg_Imm|dffg:\GEN_REG:11:DFFI|s_Q     ; iCLK         ; iCLK        ; 20.000       ; 0.228      ; 19.230     ;
; 1.025 ; ID_EX:IDEX_reg|reg_N:reg_Imm|dffg:\GEN_REG:0:DFFI|s_Q     ; IF_ID:IFID_reg|reg_N:reg_Inst|dffg:\GEN_REG:26:DFFI|s_Q    ; iCLK         ; iCLK        ; 20.000       ; 0.280      ; 19.254     ;
; 1.078 ; ID_EX:IDEX_reg|reg_N:reg_Imm|dffg:\GEN_REG:0:DFFI|s_Q     ; IF_ID:IFID_reg|reg_N:reg_Inst|dffg:\GEN_REG:7:DFFI|s_Q     ; iCLK         ; iCLK        ; 20.000       ; 0.286      ; 19.207     ;
; 1.083 ; ID_EX:IDEX_reg|reg_N:reg_Imm|dffg:\GEN_REG:0:DFFI|s_Q     ; IF_ID:IFID_reg|reg_N:reg_Inst|dffg:\GEN_REG:14:DFFI|s_Q    ; iCLK         ; iCLK        ; 20.000       ; 0.297      ; 19.213     ;
; 1.087 ; ID_EX:IDEX_reg|reg_N:reg_Imm|dffg:\GEN_REG:1:DFFI|s_Q     ; IF_ID:IFID_reg|reg_N:reg_Inst|dffg:\GEN_REG:10:DFFI|s_Q    ; iCLK         ; iCLK        ; 20.000       ; 0.263      ; 19.175     ;
; 1.088 ; ID_EX:IDEX_reg|reg_N:reg_Imm|dffg:\GEN_REG:0:DFFI|s_Q     ; IF_ID:IFID_reg|reg_N:reg_Inst|dffg:\GEN_REG:12:DFFI|s_Q    ; iCLK         ; iCLK        ; 20.000       ; 0.263      ; 19.174     ;
; 1.107 ; ID_EX:IDEX_reg|reg_N:reg_Imm|dffg:\GEN_REG:0:DFFI|s_Q     ; reg_N:ProgramCounter|dffg:\GEN_REG:1:DFFI|s_Q              ; iCLK         ; iCLK        ; 20.000       ; -0.073     ; 18.819     ;
; 1.114 ; ID_EX:IDEX_reg|reg_N:reg_Imm|dffg:\GEN_REG:0:DFFI|s_Q     ; IF_ID:IFID_reg|reg_N:reg_Inst|dffg:\GEN_REG:29:DFFI|s_Q    ; iCLK         ; iCLK        ; 20.000       ; 0.292      ; 19.177     ;
; 1.114 ; ID_EX:IDEX_reg|reg_N:reg_Imm|dffg:\GEN_REG:0:DFFI|s_Q     ; IF_ID:IFID_reg|reg_N:reg_Inst|dffg:\GEN_REG:23:DFFI|s_Q    ; iCLK         ; iCLK        ; 20.000       ; 0.292      ; 19.177     ;
; 1.121 ; ID_EX:IDEX_reg|reg_N:reg_Imm|dffg:\GEN_REG:0:DFFI|s_Q     ; IF_ID:IFID_reg|reg_N:reg_Inst|dffg:\GEN_REG:8:DFFI|s_Q     ; iCLK         ; iCLK        ; 20.000       ; 0.293      ; 19.171     ;
; 1.121 ; ID_EX:IDEX_reg|reg_N:reg_Imm|dffg:\GEN_REG:0:DFFI|s_Q     ; IF_ID:IFID_reg|reg_N:reg_Inst|dffg:\GEN_REG:28:DFFI|s_Q    ; iCLK         ; iCLK        ; 20.000       ; 0.293      ; 19.171     ;
; 1.121 ; ID_EX:IDEX_reg|reg_N:reg_Imm|dffg:\GEN_REG:0:DFFI|s_Q     ; IF_ID:IFID_reg|reg_N:reg_Inst|dffg:\GEN_REG:20:DFFI|s_Q    ; iCLK         ; iCLK        ; 20.000       ; 0.293      ; 19.171     ;
; 1.129 ; ID_EX:IDEX_reg|reg_N:reg_Imm|dffg:\GEN_REG:0:DFFI|s_Q     ; IF_ID:IFID_reg|reg_N:reg_Inst|dffg:\GEN_REG:18:DFFI|s_Q    ; iCLK         ; iCLK        ; 20.000       ; 0.310      ; 19.180     ;
; 1.140 ; ID_EX:IDEX_reg|reg_N:reg_Imm|dffg:\GEN_REG:0:DFFI|s_Q     ; IF_ID:IFID_reg|reg_N:reg_Inst|dffg:\GEN_REG:9:DFFI|s_Q     ; iCLK         ; iCLK        ; 20.000       ; 0.313      ; 19.172     ;
; 1.140 ; ID_EX:IDEX_reg|reg_N:reg_Imm|dffg:\GEN_REG:0:DFFI|s_Q     ; IF_ID:IFID_reg|reg_N:reg_Inst|dffg:\GEN_REG:17:DFFI|s_Q    ; iCLK         ; iCLK        ; 20.000       ; 0.313      ; 19.172     ;
; 1.140 ; ID_EX:IDEX_reg|reg_N:reg_Imm|dffg:\GEN_REG:0:DFFI|s_Q     ; IF_ID:IFID_reg|reg_N:reg_Inst|dffg:\GEN_REG:2:DFFI|s_Q     ; iCLK         ; iCLK        ; 20.000       ; 0.313      ; 19.172     ;
; 1.165 ; ID_EX:IDEX_reg|reg_N:reg_Imm|dffg:\GEN_REG:1:DFFI|s_Q     ; IF_ID:IFID_reg|reg_N:reg_Inst|dffg:\GEN_REG:11:DFFI|s_Q    ; iCLK         ; iCLK        ; 20.000       ; 0.289      ; 19.123     ;
; 1.168 ; ID_EX:IDEX_reg|reg_N:reg_RS2Data|dffg:\GEN_REG:0:DFFI|s_Q ; IF_ID:IFID_reg|reg_N:reg_Inst|dffg:\GEN_REG:10:DFFI|s_Q    ; iCLK         ; iCLK        ; 20.000       ; 0.284      ; 19.115     ;
; 1.176 ; ID_EX:IDEX_reg|reg_N:reg_Imm|dffg:\GEN_REG:0:DFFI|s_Q     ; ID_EX:IDEX_reg|reg_N:reg_ALUSrc|dffg:\GEN_REG:0:DFFI|s_Q   ; iCLK         ; iCLK        ; 20.000       ; -0.115     ; 18.708     ;
; 1.201 ; ID_EX:IDEX_reg|reg_N:reg_Imm|dffg:\GEN_REG:0:DFFI|s_Q     ; IF_ID:IFID_reg|reg_N:reg_Inst|dffg:\GEN_REG:27:DFFI|s_Q    ; iCLK         ; iCLK        ; 20.000       ; 0.287      ; 19.085     ;
; 1.201 ; ID_EX:IDEX_reg|reg_N:reg_Imm|dffg:\GEN_REG:0:DFFI|s_Q     ; IF_ID:IFID_reg|reg_N:reg_Inst|dffg:\GEN_REG:21:DFFI|s_Q    ; iCLK         ; iCLK        ; 20.000       ; 0.287      ; 19.085     ;
; 1.206 ; ID_EX:IDEX_reg|reg_N:reg_Imm|dffg:\GEN_REG:1:DFFI|s_Q     ; IF_ID:IFID_reg|reg_N:reg_Inst|dffg:\GEN_REG:25:DFFI|s_Q    ; iCLK         ; iCLK        ; 20.000       ; 0.277      ; 19.070     ;
; 1.206 ; ID_EX:IDEX_reg|reg_N:reg_Imm|dffg:\GEN_REG:1:DFFI|s_Q     ; IF_ID:IFID_reg|reg_N:reg_Inst|dffg:\GEN_REG:30:DFFI|s_Q    ; iCLK         ; iCLK        ; 20.000       ; 0.277      ; 19.070     ;
; 1.233 ; ID_EX:IDEX_reg|reg_N:reg_Imm|dffg:\GEN_REG:1:DFFI|s_Q     ; IF_ID:IFID_reg|reg_N:reg_Inst|dffg:\GEN_REG:13:DFFI|s_Q    ; iCLK         ; iCLK        ; 20.000       ; 0.286      ; 19.052     ;
; 1.234 ; ID_EX:IDEX_reg|reg_N:reg_Imm|dffg:\GEN_REG:1:DFFI|s_Q     ; IF_ID:IFID_reg|reg_N:reg_Inst|dffg:\GEN_REG:31:DFFI|s_Q    ; iCLK         ; iCLK        ; 20.000       ; 0.299      ; 19.064     ;
; 1.242 ; ID_EX:IDEX_reg|reg_N:reg_Imm|dffg:\GEN_REG:0:DFFI|s_Q     ; IF_ID:IFID_reg|reg_N:reg_Inst|dffg:\GEN_REG:16:DFFI|s_Q    ; iCLK         ; iCLK        ; 20.000       ; 0.264      ; 19.021     ;
; 1.242 ; ID_EX:IDEX_reg|reg_N:reg_Imm|dffg:\GEN_REG:0:DFFI|s_Q     ; ID_EX:IDEX_reg|reg_N:reg_Imm|dffg:\GEN_REG:31:DFFI|s_Q     ; iCLK         ; iCLK        ; 20.000       ; -0.073     ; 18.684     ;
; 1.242 ; ID_EX:IDEX_reg|reg_N:reg_Imm|dffg:\GEN_REG:0:DFFI|s_Q     ; ID_EX:IDEX_reg|reg_N:reg_Imm|dffg:\GEN_REG:0:DFFI|s_Q      ; iCLK         ; iCLK        ; 20.000       ; -0.073     ; 18.684     ;
; 1.246 ; ID_EX:IDEX_reg|reg_N:reg_RS2Data|dffg:\GEN_REG:0:DFFI|s_Q ; IF_ID:IFID_reg|reg_N:reg_Inst|dffg:\GEN_REG:11:DFFI|s_Q    ; iCLK         ; iCLK        ; 20.000       ; 0.310      ; 19.063     ;
; 1.258 ; ID_EX:IDEX_reg|reg_N:reg_Imm|dffg:\GEN_REG:0:DFFI|s_Q     ; reg_N:ProgramCounter|dffg:\GEN_REG:3:DFFI|s_Q              ; iCLK         ; iCLK        ; 20.000       ; 0.299      ; 19.040     ;
; 1.266 ; ID_EX:IDEX_reg|reg_N:reg_Imm|dffg:\GEN_REG:1:DFFI|s_Q     ; IF_ID:IFID_reg|reg_N:reg_Inst|dffg:\GEN_REG:24:DFFI|s_Q    ; iCLK         ; iCLK        ; 20.000       ; 0.319      ; 19.052     ;
; 1.266 ; ID_EX:IDEX_reg|reg_N:reg_Imm|dffg:\GEN_REG:1:DFFI|s_Q     ; IF_ID:IFID_reg|reg_N:reg_Inst|dffg:\GEN_REG:22:DFFI|s_Q    ; iCLK         ; iCLK        ; 20.000       ; 0.319      ; 19.052     ;
; 1.266 ; ID_EX:IDEX_reg|reg_N:reg_Imm|dffg:\GEN_REG:1:DFFI|s_Q     ; IF_ID:IFID_reg|reg_N:reg_Inst|dffg:\GEN_REG:19:DFFI|s_Q    ; iCLK         ; iCLK        ; 20.000       ; 0.319      ; 19.052     ;
; 1.277 ; ID_EX:IDEX_reg|reg_N:reg_Imm|dffg:\GEN_REG:0:DFFI|s_Q     ; reg_N:ProgramCounter|dffg:\GEN_REG:0:DFFI|s_Q              ; iCLK         ; iCLK        ; 20.000       ; -0.074     ; 18.648     ;
; 1.285 ; ID_EX:IDEX_reg|reg_N:reg_ALUSrc|dffg:\GEN_REG:0:DFFI|s_Q  ; IF_ID:IFID_reg|reg_N:reg_Inst|dffg:\GEN_REG:10:DFFI|s_Q    ; iCLK         ; iCLK        ; 20.000       ; 0.284      ; 18.998     ;
; 1.287 ; ID_EX:IDEX_reg|reg_N:reg_RS2Data|dffg:\GEN_REG:0:DFFI|s_Q ; IF_ID:IFID_reg|reg_N:reg_Inst|dffg:\GEN_REG:25:DFFI|s_Q    ; iCLK         ; iCLK        ; 20.000       ; 0.298      ; 19.010     ;
; 1.287 ; ID_EX:IDEX_reg|reg_N:reg_RS2Data|dffg:\GEN_REG:0:DFFI|s_Q ; IF_ID:IFID_reg|reg_N:reg_Inst|dffg:\GEN_REG:30:DFFI|s_Q    ; iCLK         ; iCLK        ; 20.000       ; 0.298      ; 19.010     ;
; 1.293 ; ID_EX:IDEX_reg|reg_N:reg_RS2Data|dffg:\GEN_REG:0:DFFI|s_Q ; IF_ID:IFID_reg|reg_N:reg_Inst|dffg:\GEN_REG:13:DFFI|s_Q    ; iCLK         ; iCLK        ; 20.000       ; 0.286      ; 18.992     ;
; 1.294 ; ID_EX:IDEX_reg|reg_N:reg_RS2Data|dffg:\GEN_REG:0:DFFI|s_Q ; IF_ID:IFID_reg|reg_N:reg_Inst|dffg:\GEN_REG:31:DFFI|s_Q    ; iCLK         ; iCLK        ; 20.000       ; 0.299      ; 19.004     ;
; 1.307 ; ID_EX:IDEX_reg|reg_N:reg_Imm|dffg:\GEN_REG:1:DFFI|s_Q     ; IF_ID:IFID_reg|reg_N:reg_Inst|dffg:\GEN_REG:3:DFFI|s_Q     ; iCLK         ; iCLK        ; 20.000       ; 0.292      ; 18.984     ;
; 1.326 ; ID_EX:IDEX_reg|reg_N:reg_RS2Data|dffg:\GEN_REG:0:DFFI|s_Q ; IF_ID:IFID_reg|reg_N:reg_Inst|dffg:\GEN_REG:24:DFFI|s_Q    ; iCLK         ; iCLK        ; 20.000       ; 0.319      ; 18.992     ;
; 1.326 ; ID_EX:IDEX_reg|reg_N:reg_RS2Data|dffg:\GEN_REG:0:DFFI|s_Q ; IF_ID:IFID_reg|reg_N:reg_Inst|dffg:\GEN_REG:22:DFFI|s_Q    ; iCLK         ; iCLK        ; 20.000       ; 0.319      ; 18.992     ;
; 1.326 ; ID_EX:IDEX_reg|reg_N:reg_RS2Data|dffg:\GEN_REG:0:DFFI|s_Q ; IF_ID:IFID_reg|reg_N:reg_Inst|dffg:\GEN_REG:19:DFFI|s_Q    ; iCLK         ; iCLK        ; 20.000       ; 0.319      ; 18.992     ;
; 1.332 ; ID_EX:IDEX_reg|reg_N:reg_Imm|dffg:\GEN_REG:1:DFFI|s_Q     ; IF_ID:IFID_reg|reg_N:reg_Inst|dffg:\GEN_REG:6:DFFI|s_Q     ; iCLK         ; iCLK        ; 20.000       ; 0.300      ; 18.967     ;
; 1.363 ; ID_EX:IDEX_reg|reg_N:reg_ALUSrc|dffg:\GEN_REG:0:DFFI|s_Q  ; IF_ID:IFID_reg|reg_N:reg_Inst|dffg:\GEN_REG:11:DFFI|s_Q    ; iCLK         ; iCLK        ; 20.000       ; 0.310      ; 18.946     ;
; 1.367 ; ID_EX:IDEX_reg|reg_N:reg_RS2Data|dffg:\GEN_REG:0:DFFI|s_Q ; IF_ID:IFID_reg|reg_N:reg_Inst|dffg:\GEN_REG:3:DFFI|s_Q     ; iCLK         ; iCLK        ; 20.000       ; 0.292      ; 18.924     ;
; 1.385 ; ID_EX:IDEX_reg|reg_N:reg_RS2Data|dffg:\GEN_REG:1:DFFI|s_Q ; IF_ID:IFID_reg|reg_N:reg_Inst|dffg:\GEN_REG:10:DFFI|s_Q    ; iCLK         ; iCLK        ; 20.000       ; 0.284      ; 18.898     ;
; 1.392 ; ID_EX:IDEX_reg|reg_N:reg_RS2Data|dffg:\GEN_REG:0:DFFI|s_Q ; IF_ID:IFID_reg|reg_N:reg_Inst|dffg:\GEN_REG:6:DFFI|s_Q     ; iCLK         ; iCLK        ; 20.000       ; 0.300      ; 18.907     ;
; 1.404 ; ID_EX:IDEX_reg|reg_N:reg_ALUSrc|dffg:\GEN_REG:0:DFFI|s_Q  ; IF_ID:IFID_reg|reg_N:reg_Inst|dffg:\GEN_REG:25:DFFI|s_Q    ; iCLK         ; iCLK        ; 20.000       ; 0.298      ; 18.893     ;
; 1.404 ; ID_EX:IDEX_reg|reg_N:reg_ALUSrc|dffg:\GEN_REG:0:DFFI|s_Q  ; IF_ID:IFID_reg|reg_N:reg_Inst|dffg:\GEN_REG:30:DFFI|s_Q    ; iCLK         ; iCLK        ; 20.000       ; 0.298      ; 18.893     ;
; 1.410 ; ID_EX:IDEX_reg|reg_N:reg_ALUSrc|dffg:\GEN_REG:0:DFFI|s_Q  ; IF_ID:IFID_reg|reg_N:reg_Inst|dffg:\GEN_REG:13:DFFI|s_Q    ; iCLK         ; iCLK        ; 20.000       ; 0.286      ; 18.875     ;
; 1.411 ; ID_EX:IDEX_reg|reg_N:reg_ALUSrc|dffg:\GEN_REG:0:DFFI|s_Q  ; IF_ID:IFID_reg|reg_N:reg_Inst|dffg:\GEN_REG:31:DFFI|s_Q    ; iCLK         ; iCLK        ; 20.000       ; 0.299      ; 18.887     ;
; 1.420 ; ID_EX:IDEX_reg|reg_N:reg_Imm|dffg:\GEN_REG:0:DFFI|s_Q     ; ID_EX:IDEX_reg|reg_N:reg_jalr|dffg:\GEN_REG:0:DFFI|s_Q     ; iCLK         ; iCLK        ; 20.000       ; -0.074     ; 18.505     ;
; 1.421 ; ID_EX:IDEX_reg|reg_N:reg_Imm|dffg:\GEN_REG:1:DFFI|s_Q     ; ID_EX:IDEX_reg|reg_N:reg_Imm|dffg:\GEN_REG:11:DFFI|s_Q     ; iCLK         ; iCLK        ; 20.000       ; 0.229      ; 18.807     ;
; 1.429 ; ID_EX:IDEX_reg|reg_N:reg_Imm|dffg:\GEN_REG:0:DFFI|s_Q     ; ID_EX:IDEX_reg|reg_N:reg_RS2Data|dffg:\GEN_REG:30:DFFI|s_Q ; iCLK         ; iCLK        ; 20.000       ; -0.079     ; 18.491     ;
; 1.439 ; ID_EX:IDEX_reg|reg_N:reg_Imm|dffg:\GEN_REG:0:DFFI|s_Q     ; reg_N:ProgramCounter|dffg:\GEN_REG:4:DFFI|s_Q              ; iCLK         ; iCLK        ; 20.000       ; 0.299      ; 18.859     ;
; 1.443 ; ID_EX:IDEX_reg|reg_N:reg_ALUSrc|dffg:\GEN_REG:0:DFFI|s_Q  ; IF_ID:IFID_reg|reg_N:reg_Inst|dffg:\GEN_REG:24:DFFI|s_Q    ; iCLK         ; iCLK        ; 20.000       ; 0.319      ; 18.875     ;
; 1.443 ; ID_EX:IDEX_reg|reg_N:reg_ALUSrc|dffg:\GEN_REG:0:DFFI|s_Q  ; IF_ID:IFID_reg|reg_N:reg_Inst|dffg:\GEN_REG:22:DFFI|s_Q    ; iCLK         ; iCLK        ; 20.000       ; 0.319      ; 18.875     ;
; 1.443 ; ID_EX:IDEX_reg|reg_N:reg_ALUSrc|dffg:\GEN_REG:0:DFFI|s_Q  ; IF_ID:IFID_reg|reg_N:reg_Inst|dffg:\GEN_REG:19:DFFI|s_Q    ; iCLK         ; iCLK        ; 20.000       ; 0.319      ; 18.875     ;
; 1.449 ; ID_EX:IDEX_reg|reg_N:reg_Imm|dffg:\GEN_REG:1:DFFI|s_Q     ; IF_ID:IFID_reg|reg_N:reg_Inst|dffg:\GEN_REG:26:DFFI|s_Q    ; iCLK         ; iCLK        ; 20.000       ; 0.281      ; 18.831     ;
; 1.456 ; ID_EX:IDEX_reg|reg_N:reg_Imm|dffg:\GEN_REG:0:DFFI|s_Q     ; ID_EX:IDEX_reg|reg_N:reg_ALUCTL|dffg:\GEN_REG:1:DFFI|s_Q   ; iCLK         ; iCLK        ; 20.000       ; -0.115     ; 18.428     ;
; 1.463 ; ID_EX:IDEX_reg|reg_N:reg_RS2Data|dffg:\GEN_REG:1:DFFI|s_Q ; IF_ID:IFID_reg|reg_N:reg_Inst|dffg:\GEN_REG:11:DFFI|s_Q    ; iCLK         ; iCLK        ; 20.000       ; 0.310      ; 18.846     ;
; 1.469 ; ID_EX:IDEX_reg|reg_N:reg_ALUCTL|dffg:\GEN_REG:1:DFFI|s_Q  ; IF_ID:IFID_reg|reg_N:reg_Inst|dffg:\GEN_REG:10:DFFI|s_Q    ; iCLK         ; iCLK        ; 20.000       ; 0.283      ; 18.813     ;
; 1.478 ; ID_EX:IDEX_reg|reg_N:reg_RS1Data|dffg:\GEN_REG:0:DFFI|s_Q ; IF_ID:IFID_reg|reg_N:reg_Inst|dffg:\GEN_REG:10:DFFI|s_Q    ; iCLK         ; iCLK        ; 20.000       ; -0.113     ; 18.408     ;
; 1.484 ; ID_EX:IDEX_reg|reg_N:reg_ALUSrc|dffg:\GEN_REG:0:DFFI|s_Q  ; IF_ID:IFID_reg|reg_N:reg_Inst|dffg:\GEN_REG:3:DFFI|s_Q     ; iCLK         ; iCLK        ; 20.000       ; 0.292      ; 18.807     ;
; 1.499 ; ID_EX:IDEX_reg|reg_N:reg_Imm|dffg:\GEN_REG:0:DFFI|s_Q     ; reg_N:ProgramCounter|dffg:\GEN_REG:6:DFFI|s_Q              ; iCLK         ; iCLK        ; 20.000       ; 0.291      ; 18.791     ;
; 1.502 ; ID_EX:IDEX_reg|reg_N:reg_Imm|dffg:\GEN_REG:1:DFFI|s_Q     ; IF_ID:IFID_reg|reg_N:reg_Inst|dffg:\GEN_REG:7:DFFI|s_Q     ; iCLK         ; iCLK        ; 20.000       ; 0.287      ; 18.784     ;
; 1.504 ; ID_EX:IDEX_reg|reg_N:reg_RS2Data|dffg:\GEN_REG:1:DFFI|s_Q ; IF_ID:IFID_reg|reg_N:reg_Inst|dffg:\GEN_REG:25:DFFI|s_Q    ; iCLK         ; iCLK        ; 20.000       ; 0.298      ; 18.793     ;
; 1.504 ; ID_EX:IDEX_reg|reg_N:reg_RS2Data|dffg:\GEN_REG:1:DFFI|s_Q ; IF_ID:IFID_reg|reg_N:reg_Inst|dffg:\GEN_REG:30:DFFI|s_Q    ; iCLK         ; iCLK        ; 20.000       ; 0.298      ; 18.793     ;
; 1.507 ; ID_EX:IDEX_reg|reg_N:reg_Imm|dffg:\GEN_REG:1:DFFI|s_Q     ; IF_ID:IFID_reg|reg_N:reg_Inst|dffg:\GEN_REG:14:DFFI|s_Q    ; iCLK         ; iCLK        ; 20.000       ; 0.298      ; 18.790     ;
; 1.509 ; ID_EX:IDEX_reg|reg_N:reg_RS2Data|dffg:\GEN_REG:0:DFFI|s_Q ; IF_ID:IFID_reg|reg_N:reg_Inst|dffg:\GEN_REG:26:DFFI|s_Q    ; iCLK         ; iCLK        ; 20.000       ; 0.281      ; 18.771     ;
; 1.509 ; ID_EX:IDEX_reg|reg_N:reg_ALUSrc|dffg:\GEN_REG:0:DFFI|s_Q  ; IF_ID:IFID_reg|reg_N:reg_Inst|dffg:\GEN_REG:6:DFFI|s_Q     ; iCLK         ; iCLK        ; 20.000       ; 0.300      ; 18.790     ;
; 1.510 ; ID_EX:IDEX_reg|reg_N:reg_RS2Data|dffg:\GEN_REG:1:DFFI|s_Q ; IF_ID:IFID_reg|reg_N:reg_Inst|dffg:\GEN_REG:13:DFFI|s_Q    ; iCLK         ; iCLK        ; 20.000       ; 0.286      ; 18.775     ;
; 1.511 ; ID_EX:IDEX_reg|reg_N:reg_RS2Data|dffg:\GEN_REG:1:DFFI|s_Q ; IF_ID:IFID_reg|reg_N:reg_Inst|dffg:\GEN_REG:31:DFFI|s_Q    ; iCLK         ; iCLK        ; 20.000       ; 0.299      ; 18.787     ;
; 1.512 ; ID_EX:IDEX_reg|reg_N:reg_Imm|dffg:\GEN_REG:1:DFFI|s_Q     ; IF_ID:IFID_reg|reg_N:reg_Inst|dffg:\GEN_REG:12:DFFI|s_Q    ; iCLK         ; iCLK        ; 20.000       ; 0.264      ; 18.751     ;
; 1.514 ; ID_EX:IDEX_reg|reg_N:reg_Imm|dffg:\GEN_REG:0:DFFI|s_Q     ; IF_ID:IFID_reg|reg_N:reg_Inst|dffg:\GEN_REG:15:DFFI|s_Q    ; iCLK         ; iCLK        ; 20.000       ; 0.297      ; 18.782     ;
; 1.523 ; ID_EX:IDEX_reg|reg_N:reg_RS2Data|dffg:\GEN_REG:0:DFFI|s_Q ; ID_EX:IDEX_reg|reg_N:reg_Imm|dffg:\GEN_REG:11:DFFI|s_Q     ; iCLK         ; iCLK        ; 20.000       ; 0.271      ; 18.747     ;
; 1.531 ; ID_EX:IDEX_reg|reg_N:reg_Imm|dffg:\GEN_REG:1:DFFI|s_Q     ; reg_N:ProgramCounter|dffg:\GEN_REG:1:DFFI|s_Q              ; iCLK         ; iCLK        ; 20.000       ; -0.072     ; 18.396     ;
; 1.538 ; ID_EX:IDEX_reg|reg_N:reg_Imm|dffg:\GEN_REG:1:DFFI|s_Q     ; IF_ID:IFID_reg|reg_N:reg_Inst|dffg:\GEN_REG:29:DFFI|s_Q    ; iCLK         ; iCLK        ; 20.000       ; 0.293      ; 18.754     ;
; 1.538 ; ID_EX:IDEX_reg|reg_N:reg_Imm|dffg:\GEN_REG:1:DFFI|s_Q     ; IF_ID:IFID_reg|reg_N:reg_Inst|dffg:\GEN_REG:23:DFFI|s_Q    ; iCLK         ; iCLK        ; 20.000       ; 0.293      ; 18.754     ;
; 1.541 ; ID_EX:IDEX_reg|reg_N:reg_Imm|dffg:\GEN_REG:0:DFFI|s_Q     ; ID_EX:IDEX_reg|reg_N:reg_Imm|dffg:\GEN_REG:15:DFFI|s_Q     ; iCLK         ; iCLK        ; 20.000       ; 0.273      ; 18.731     ;
; 1.543 ; ID_EX:IDEX_reg|reg_N:reg_RS2Data|dffg:\GEN_REG:1:DFFI|s_Q ; IF_ID:IFID_reg|reg_N:reg_Inst|dffg:\GEN_REG:24:DFFI|s_Q    ; iCLK         ; iCLK        ; 20.000       ; 0.319      ; 18.775     ;
; 1.543 ; ID_EX:IDEX_reg|reg_N:reg_RS2Data|dffg:\GEN_REG:1:DFFI|s_Q ; IF_ID:IFID_reg|reg_N:reg_Inst|dffg:\GEN_REG:22:DFFI|s_Q    ; iCLK         ; iCLK        ; 20.000       ; 0.319      ; 18.775     ;
; 1.543 ; ID_EX:IDEX_reg|reg_N:reg_RS2Data|dffg:\GEN_REG:1:DFFI|s_Q ; IF_ID:IFID_reg|reg_N:reg_Inst|dffg:\GEN_REG:19:DFFI|s_Q    ; iCLK         ; iCLK        ; 20.000       ; 0.319      ; 18.775     ;
; 1.545 ; ID_EX:IDEX_reg|reg_N:reg_Imm|dffg:\GEN_REG:1:DFFI|s_Q     ; IF_ID:IFID_reg|reg_N:reg_Inst|dffg:\GEN_REG:8:DFFI|s_Q     ; iCLK         ; iCLK        ; 20.000       ; 0.294      ; 18.748     ;
; 1.545 ; ID_EX:IDEX_reg|reg_N:reg_Imm|dffg:\GEN_REG:1:DFFI|s_Q     ; IF_ID:IFID_reg|reg_N:reg_Inst|dffg:\GEN_REG:28:DFFI|s_Q    ; iCLK         ; iCLK        ; 20.000       ; 0.294      ; 18.748     ;
; 1.545 ; ID_EX:IDEX_reg|reg_N:reg_Imm|dffg:\GEN_REG:1:DFFI|s_Q     ; IF_ID:IFID_reg|reg_N:reg_Inst|dffg:\GEN_REG:20:DFFI|s_Q    ; iCLK         ; iCLK        ; 20.000       ; 0.294      ; 18.748     ;
; 1.547 ; ID_EX:IDEX_reg|reg_N:reg_ALUCTL|dffg:\GEN_REG:1:DFFI|s_Q  ; IF_ID:IFID_reg|reg_N:reg_Inst|dffg:\GEN_REG:11:DFFI|s_Q    ; iCLK         ; iCLK        ; 20.000       ; 0.309      ; 18.761     ;
; 1.551 ; ID_EX:IDEX_reg|reg_N:reg_Imm|dffg:\GEN_REG:0:DFFI|s_Q     ; ID_EX:IDEX_reg|reg_N:reg_ALUCTL|dffg:\GEN_REG:8:DFFI|s_Q   ; iCLK         ; iCLK        ; 20.000       ; 0.325      ; 18.773     ;
+-------+-----------------------------------------------------------+------------------------------------------------------------+--------------+-------------+--------------+------------+------------+


+-------------------------------------------------------------------------------------------------------------------------------------------------------------------------------------------------------------------+
; Slow 1200mV 0C Model Hold: 'iCLK'                                                                                                                                                                                 ;
+-------+------------------------------------------------------------------+------------------------------------------------------------------+--------------+-------------+--------------+------------+------------+
; Slack ; From Node                                                        ; To Node                                                          ; Launch Clock ; Latch Clock ; Relationship ; Clock Skew ; Data Delay ;
+-------+------------------------------------------------------------------+------------------------------------------------------------------+--------------+-------------+--------------+------------+------------+
; 0.336 ; reg_N:ProgramCounter|dffg:\GEN_REG:17:DFFI|s_Q                   ; reg_N:ProgramCounter|dffg:\GEN_REG:17:DFFI|s_Q                   ; iCLK         ; iCLK        ; 0.000        ; 0.090      ; 0.597      ;
; 0.336 ; reg_N:ProgramCounter|dffg:\GEN_REG:23:DFFI|s_Q                   ; reg_N:ProgramCounter|dffg:\GEN_REG:23:DFFI|s_Q                   ; iCLK         ; iCLK        ; 0.000        ; 0.090      ; 0.597      ;
; 0.336 ; reg_N:ProgramCounter|dffg:\GEN_REG:21:DFFI|s_Q                   ; reg_N:ProgramCounter|dffg:\GEN_REG:21:DFFI|s_Q                   ; iCLK         ; iCLK        ; 0.000        ; 0.090      ; 0.597      ;
; 0.336 ; reg_N:ProgramCounter|dffg:\GEN_REG:20:DFFI|s_Q                   ; reg_N:ProgramCounter|dffg:\GEN_REG:20:DFFI|s_Q                   ; iCLK         ; iCLK        ; 0.000        ; 0.090      ; 0.597      ;
; 0.337 ; reg_N:ProgramCounter|dffg:\GEN_REG:6:DFFI|s_Q                    ; reg_N:ProgramCounter|dffg:\GEN_REG:6:DFFI|s_Q                    ; iCLK         ; iCLK        ; 0.000        ; 0.089      ; 0.597      ;
; 0.337 ; reg_N:ProgramCounter|dffg:\GEN_REG:24:DFFI|s_Q                   ; reg_N:ProgramCounter|dffg:\GEN_REG:24:DFFI|s_Q                   ; iCLK         ; iCLK        ; 0.000        ; 0.089      ; 0.597      ;
; 0.337 ; reg_N:ProgramCounter|dffg:\GEN_REG:26:DFFI|s_Q                   ; reg_N:ProgramCounter|dffg:\GEN_REG:26:DFFI|s_Q                   ; iCLK         ; iCLK        ; 0.000        ; 0.089      ; 0.597      ;
; 0.337 ; reg_N:ProgramCounter|dffg:\GEN_REG:29:DFFI|s_Q                   ; reg_N:ProgramCounter|dffg:\GEN_REG:29:DFFI|s_Q                   ; iCLK         ; iCLK        ; 0.000        ; 0.089      ; 0.597      ;
; 0.338 ; reg_N:ProgramCounter|dffg:\GEN_REG:3:DFFI|s_Q                    ; reg_N:ProgramCounter|dffg:\GEN_REG:3:DFFI|s_Q                    ; iCLK         ; iCLK        ; 0.000        ; 0.088      ; 0.597      ;
; 0.338 ; reg_N:ProgramCounter|dffg:\GEN_REG:11:DFFI|s_Q                   ; reg_N:ProgramCounter|dffg:\GEN_REG:11:DFFI|s_Q                   ; iCLK         ; iCLK        ; 0.000        ; 0.088      ; 0.597      ;
; 0.338 ; reg_N:ProgramCounter|dffg:\GEN_REG:15:DFFI|s_Q                   ; reg_N:ProgramCounter|dffg:\GEN_REG:15:DFFI|s_Q                   ; iCLK         ; iCLK        ; 0.000        ; 0.088      ; 0.597      ;
; 0.338 ; reg_N:ProgramCounter|dffg:\GEN_REG:14:DFFI|s_Q                   ; reg_N:ProgramCounter|dffg:\GEN_REG:14:DFFI|s_Q                   ; iCLK         ; iCLK        ; 0.000        ; 0.088      ; 0.597      ;
; 0.338 ; reg_N:ProgramCounter|dffg:\GEN_REG:16:DFFI|s_Q                   ; reg_N:ProgramCounter|dffg:\GEN_REG:16:DFFI|s_Q                   ; iCLK         ; iCLK        ; 0.000        ; 0.088      ; 0.597      ;
; 0.339 ; reg_N:ProgramCounter|dffg:\GEN_REG:9:DFFI|s_Q                    ; reg_N:ProgramCounter|dffg:\GEN_REG:9:DFFI|s_Q                    ; iCLK         ; iCLK        ; 0.000        ; 0.087      ; 0.597      ;
; 0.396 ; reg_N:ProgramCounter|dffg:\GEN_REG:29:DFFI|s_Q                   ; IF_ID:IFID_reg|reg_N:reg_PCInc|dffg:\GEN_REG:29:DFFI|s_Q         ; iCLK         ; iCLK        ; 0.000        ; 0.089      ; 0.656      ;
; 0.396 ; EX_MEM:EXMEM_reg|reg_N:reg_WRBCKSEL|dffg:\GEN_REG:0:DFFI|s_Q     ; MEM_WB:MEMWB_reg|reg_N:reg_WRBCKSEL|dffg:\GEN_REG:0:DFFI|s_Q     ; iCLK         ; iCLK        ; 0.000        ; 0.072      ; 0.639      ;
; 0.396 ; EX_MEM:EXMEM_reg|reg_N:reg_Inst|dffg:\GEN_REG:7:DFFI|s_Q         ; MEM_WB:MEMWB_reg|reg_N:reg_Inst|dffg:\GEN_REG:7:DFFI|s_Q         ; iCLK         ; iCLK        ; 0.000        ; 0.072      ; 0.639      ;
; 0.397 ; EX_MEM:EXMEM_reg|reg_N:reg_ALUOut|dffg:\GEN_REG:17:DFFI|s_Q      ; MEM_WB:MEMWB_reg|reg_N:reg_ALUOut|dffg:\GEN_REG:17:DFFI|s_Q      ; iCLK         ; iCLK        ; 0.000        ; 0.072      ; 0.640      ;
; 0.398 ; reg_N:reg_Imm_EX_MEM|dffg:\GEN_REG:17:DFFI|s_Q                   ; MEM_WB:MEMWB_reg|reg_N:reg_Imm|dffg:\GEN_REG:17:DFFI|s_Q         ; iCLK         ; iCLK        ; 0.000        ; 0.072      ; 0.641      ;
; 0.398 ; EX_MEM:EXMEM_reg|reg_N:reg_Inst|dffg:\GEN_REG:10:DFFI|s_Q        ; MEM_WB:MEMWB_reg|reg_N:reg_Inst|dffg:\GEN_REG:10:DFFI|s_Q        ; iCLK         ; iCLK        ; 0.000        ; 0.071      ; 0.640      ;
; 0.400 ; EX_MEM:EXMEM_reg|reg_N:reg_Inst|dffg:\GEN_REG:9:DFFI|s_Q         ; MEM_WB:MEMWB_reg|reg_N:reg_Inst|dffg:\GEN_REG:9:DFFI|s_Q         ; iCLK         ; iCLK        ; 0.000        ; 0.071      ; 0.642      ;
; 0.427 ; ID_EX:IDEX_reg|reg_N:reg_Imm|dffg:\GEN_REG:0:DFFI|s_Q            ; reg_N:ProgramCounter|dffg:\GEN_REG:1:DFFI|s_Q                    ; iCLK         ; iCLK        ; 0.000        ; 0.073      ; 0.671      ;
; 0.546 ; IF_ID:IFID_reg|reg_N:reg_PC|dffg:\GEN_REG:22:DFFI|s_Q            ; ID_EX:IDEX_reg|reg_N:reg_PC|dffg:\GEN_REG:22:DFFI|s_Q            ; iCLK         ; iCLK        ; 0.000        ; 0.072      ; 0.789      ;
; 0.547 ; reg_N:reg_Imm_EX_MEM|dffg:\GEN_REG:0:DFFI|s_Q                    ; MEM_WB:MEMWB_reg|reg_N:reg_Imm|dffg:\GEN_REG:0:DFFI|s_Q          ; iCLK         ; iCLK        ; 0.000        ; 0.072      ; 0.790      ;
; 0.548 ; EX_MEM:EXMEM_reg|reg_N:reg_PCWriteBack|dffg:\GEN_REG:18:DFFI|s_Q ; MEM_WB:MEMWB_reg|reg_N:reg_PCWriteBack|dffg:\GEN_REG:18:DFFI|s_Q ; iCLK         ; iCLK        ; 0.000        ; 0.073      ; 0.792      ;
; 0.548 ; reg_N:reg_Imm_EX_MEM|dffg:\GEN_REG:3:DFFI|s_Q                    ; MEM_WB:MEMWB_reg|reg_N:reg_Imm|dffg:\GEN_REG:3:DFFI|s_Q          ; iCLK         ; iCLK        ; 0.000        ; 0.072      ; 0.791      ;
; 0.548 ; reg_N:reg_Imm_EX_MEM|dffg:\GEN_REG:5:DFFI|s_Q                    ; MEM_WB:MEMWB_reg|reg_N:reg_Imm|dffg:\GEN_REG:5:DFFI|s_Q          ; iCLK         ; iCLK        ; 0.000        ; 0.072      ; 0.791      ;
; 0.548 ; EX_MEM:EXMEM_reg|reg_N:reg_PCWriteBack|dffg:\GEN_REG:5:DFFI|s_Q  ; MEM_WB:MEMWB_reg|reg_N:reg_PCWriteBack|dffg:\GEN_REG:5:DFFI|s_Q  ; iCLK         ; iCLK        ; 0.000        ; 0.072      ; 0.791      ;
; 0.548 ; reg_N:reg_Imm_EX_MEM|dffg:\GEN_REG:6:DFFI|s_Q                    ; MEM_WB:MEMWB_reg|reg_N:reg_Imm|dffg:\GEN_REG:6:DFFI|s_Q          ; iCLK         ; iCLK        ; 0.000        ; 0.072      ; 0.791      ;
; 0.549 ; reg_N:reg_Imm_EX_MEM|dffg:\GEN_REG:10:DFFI|s_Q                   ; MEM_WB:MEMWB_reg|reg_N:reg_Imm|dffg:\GEN_REG:10:DFFI|s_Q         ; iCLK         ; iCLK        ; 0.000        ; 0.072      ; 0.792      ;
; 0.549 ; reg_N:reg_Imm_EX_MEM|dffg:\GEN_REG:4:DFFI|s_Q                    ; MEM_WB:MEMWB_reg|reg_N:reg_Imm|dffg:\GEN_REG:4:DFFI|s_Q          ; iCLK         ; iCLK        ; 0.000        ; 0.072      ; 0.792      ;
; 0.549 ; EX_MEM:EXMEM_reg|reg_N:reg_Inst|dffg:\GEN_REG:8:DFFI|s_Q         ; MEM_WB:MEMWB_reg|reg_N:reg_Inst|dffg:\GEN_REG:8:DFFI|s_Q         ; iCLK         ; iCLK        ; 0.000        ; 0.073      ; 0.793      ;
; 0.550 ; EX_MEM:EXMEM_reg|reg_N:reg_regWrite|dffg:\GEN_REG:0:DFFI|s_Q     ; MEM_WB:MEMWB_reg|reg_N:reg_regWrite|dffg:\GEN_REG:0:DFFI|s_Q     ; iCLK         ; iCLK        ; 0.000        ; 0.072      ; 0.793      ;
; 0.550 ; reg_N:reg_Imm_EX_MEM|dffg:\GEN_REG:11:DFFI|s_Q                   ; MEM_WB:MEMWB_reg|reg_N:reg_Imm|dffg:\GEN_REG:11:DFFI|s_Q         ; iCLK         ; iCLK        ; 0.000        ; 0.071      ; 0.792      ;
; 0.550 ; reg_N:reg_Imm_EX_MEM|dffg:\GEN_REG:29:DFFI|s_Q                   ; MEM_WB:MEMWB_reg|reg_N:reg_Imm|dffg:\GEN_REG:29:DFFI|s_Q         ; iCLK         ; iCLK        ; 0.000        ; 0.071      ; 0.792      ;
; 0.551 ; EX_MEM:EXMEM_reg|reg_N:reg_PCWriteBack|dffg:\GEN_REG:15:DFFI|s_Q ; MEM_WB:MEMWB_reg|reg_N:reg_PCWriteBack|dffg:\GEN_REG:15:DFFI|s_Q ; iCLK         ; iCLK        ; 0.000        ; 0.072      ; 0.794      ;
; 0.567 ; ID_EX:IDEX_reg|reg_N:reg_PCInc|dffg:\GEN_REG:12:DFFI|s_Q         ; EX_MEM:EXMEM_reg|reg_N:reg_PCWriteBack|dffg:\GEN_REG:12:DFFI|s_Q ; iCLK         ; iCLK        ; 0.000        ; 0.070      ; 0.808      ;
; 0.571 ; IF_ID:IFID_reg|reg_N:reg_PCInc|dffg:\GEN_REG:27:DFFI|s_Q         ; ID_EX:IDEX_reg|reg_N:reg_PCInc|dffg:\GEN_REG:27:DFFI|s_Q         ; iCLK         ; iCLK        ; 0.000        ; 0.073      ; 0.815      ;
; 0.572 ; reg_N:reg_Imm_EX_MEM|dffg:\GEN_REG:30:DFFI|s_Q                   ; MEM_WB:MEMWB_reg|reg_N:reg_Imm|dffg:\GEN_REG:30:DFFI|s_Q         ; iCLK         ; iCLK        ; 0.000        ; 0.072      ; 0.815      ;
; 0.580 ; ID_EX:IDEX_reg|reg_N:reg_PCInc|dffg:\GEN_REG:29:DFFI|s_Q         ; EX_MEM:EXMEM_reg|reg_N:reg_PCWriteBack|dffg:\GEN_REG:29:DFFI|s_Q ; iCLK         ; iCLK        ; 0.000        ; 0.073      ; 0.824      ;
; 0.584 ; ID_EX:IDEX_reg|reg_N:reg_PCInc|dffg:\GEN_REG:25:DFFI|s_Q         ; EX_MEM:EXMEM_reg|reg_N:reg_PCWriteBack|dffg:\GEN_REG:25:DFFI|s_Q ; iCLK         ; iCLK        ; 0.000        ; 0.073      ; 0.828      ;
; 0.585 ; ID_EX:IDEX_reg|reg_N:reg_PCInc|dffg:\GEN_REG:18:DFFI|s_Q         ; EX_MEM:EXMEM_reg|reg_N:reg_PCWriteBack|dffg:\GEN_REG:18:DFFI|s_Q ; iCLK         ; iCLK        ; 0.000        ; 0.073      ; 0.829      ;
; 0.586 ; ID_EX:IDEX_reg|reg_N:reg_PCInc|dffg:\GEN_REG:14:DFFI|s_Q         ; EX_MEM:EXMEM_reg|reg_N:reg_PCWriteBack|dffg:\GEN_REG:14:DFFI|s_Q ; iCLK         ; iCLK        ; 0.000        ; 0.072      ; 0.829      ;
; 0.602 ; IF_ID:IFID_reg|reg_N:reg_PCInc|dffg:\GEN_REG:0:DFFI|s_Q          ; ID_EX:IDEX_reg|reg_N:reg_PCInc|dffg:\GEN_REG:0:DFFI|s_Q          ; iCLK         ; iCLK        ; 0.000        ; 0.073      ; 0.846      ;
; 0.604 ; IF_ID:IFID_reg|reg_N:reg_PC|dffg:\GEN_REG:28:DFFI|s_Q            ; ID_EX:IDEX_reg|reg_N:reg_PC|dffg:\GEN_REG:28:DFFI|s_Q            ; iCLK         ; iCLK        ; 0.000        ; 0.072      ; 0.847      ;
; 0.615 ; IF_ID:IFID_reg|reg_N:reg_PCInc|dffg:\GEN_REG:8:DFFI|s_Q          ; ID_EX:IDEX_reg|reg_N:reg_PCInc|dffg:\GEN_REG:8:DFFI|s_Q          ; iCLK         ; iCLK        ; 0.000        ; 0.090      ; 0.876      ;
; 0.622 ; IF_ID:IFID_reg|reg_N:reg_PCInc|dffg:\GEN_REG:13:DFFI|s_Q         ; ID_EX:IDEX_reg|reg_N:reg_PCInc|dffg:\GEN_REG:13:DFFI|s_Q         ; iCLK         ; iCLK        ; 0.000        ; 0.088      ; 0.881      ;
; 0.631 ; ID_EX:IDEX_reg|reg_N:reg_Imm|dffg:\GEN_REG:0:DFFI|s_Q            ; EX_MEM:EXMEM_reg|reg_N:reg_PCWriteBack|dffg:\GEN_REG:0:DFFI|s_Q  ; iCLK         ; iCLK        ; 0.000        ; 0.073      ; 0.875      ;
; 0.635 ; IF_ID:IFID_reg|reg_N:reg_PCInc|dffg:\GEN_REG:10:DFFI|s_Q         ; ID_EX:IDEX_reg|reg_N:reg_PCInc|dffg:\GEN_REG:10:DFFI|s_Q         ; iCLK         ; iCLK        ; 0.000        ; 0.072      ; 0.878      ;
; 0.636 ; IF_ID:IFID_reg|reg_N:reg_PC|dffg:\GEN_REG:8:DFFI|s_Q             ; ID_EX:IDEX_reg|reg_N:reg_PC|dffg:\GEN_REG:8:DFFI|s_Q             ; iCLK         ; iCLK        ; 0.000        ; 0.073      ; 0.880      ;
; 0.640 ; IF_ID:IFID_reg|reg_N:reg_PCInc|dffg:\GEN_REG:21:DFFI|s_Q         ; ID_EX:IDEX_reg|reg_N:reg_PCInc|dffg:\GEN_REG:21:DFFI|s_Q         ; iCLK         ; iCLK        ; 0.000        ; 0.072      ; 0.883      ;
; 0.641 ; IF_ID:IFID_reg|reg_N:reg_PC|dffg:\GEN_REG:31:DFFI|s_Q            ; ID_EX:IDEX_reg|reg_N:reg_PC|dffg:\GEN_REG:31:DFFI|s_Q            ; iCLK         ; iCLK        ; 0.000        ; 0.072      ; 0.884      ;
; 0.641 ; ID_EX:IDEX_reg|reg_N:reg_PCInc|dffg:\GEN_REG:0:DFFI|s_Q          ; EX_MEM:EXMEM_reg|reg_N:reg_PCWriteBack|dffg:\GEN_REG:0:DFFI|s_Q  ; iCLK         ; iCLK        ; 0.000        ; 0.073      ; 0.885      ;
; 0.644 ; ID_EX:IDEX_reg|reg_N:reg_PCInc|dffg:\GEN_REG:1:DFFI|s_Q          ; EX_MEM:EXMEM_reg|reg_N:reg_PCWriteBack|dffg:\GEN_REG:1:DFFI|s_Q  ; iCLK         ; iCLK        ; 0.000        ; 0.073      ; 0.888      ;
; 0.645 ; ID_EX:IDEX_reg|reg_N:reg_jalr|dffg:\GEN_REG:0:DFFI|s_Q           ; reg_N:ProgramCounter|dffg:\GEN_REG:0:DFFI|s_Q                    ; iCLK         ; iCLK        ; 0.000        ; 0.073      ; 0.889      ;
; 0.654 ; reg_N:ProgramCounter|dffg:\GEN_REG:21:DFFI|s_Q                   ; IF_ID:IFID_reg|reg_N:reg_PCInc|dffg:\GEN_REG:22:DFFI|s_Q         ; iCLK         ; iCLK        ; 0.000        ; 0.090      ; 0.915      ;
; 0.655 ; reg_N:ProgramCounter|dffg:\GEN_REG:10:DFFI|s_Q                   ; IF_ID:IFID_reg|reg_N:reg_PC|dffg:\GEN_REG:10:DFFI|s_Q            ; iCLK         ; iCLK        ; 0.000        ; 0.087      ; 0.913      ;
; 0.656 ; reg_N:ProgramCounter|dffg:\GEN_REG:4:DFFI|s_Q                    ; IF_ID:IFID_reg|reg_N:reg_PCInc|dffg:\GEN_REG:4:DFFI|s_Q          ; iCLK         ; iCLK        ; 0.000        ; 0.088      ; 0.915      ;
; 0.656 ; reg_N:ProgramCounter|dffg:\GEN_REG:6:DFFI|s_Q                    ; IF_ID:IFID_reg|reg_N:reg_PC|dffg:\GEN_REG:6:DFFI|s_Q             ; iCLK         ; iCLK        ; 0.000        ; 0.089      ; 0.916      ;
; 0.663 ; reg_N:ProgramCounter|dffg:\GEN_REG:25:DFFI|s_Q                   ; IF_ID:IFID_reg|reg_N:reg_PC|dffg:\GEN_REG:25:DFFI|s_Q            ; iCLK         ; iCLK        ; 0.000        ; 0.089      ; 0.923      ;
; 0.664 ; ID_EX:IDEX_reg|reg_N:reg_PCInc|dffg:\GEN_REG:20:DFFI|s_Q         ; EX_MEM:EXMEM_reg|reg_N:reg_PCWriteBack|dffg:\GEN_REG:20:DFFI|s_Q ; iCLK         ; iCLK        ; 0.000        ; 0.072      ; 0.907      ;
; 0.666 ; reg_N:ProgramCounter|dffg:\GEN_REG:9:DFFI|s_Q                    ; IF_ID:IFID_reg|reg_N:reg_PCInc|dffg:\GEN_REG:9:DFFI|s_Q          ; iCLK         ; iCLK        ; 0.000        ; 0.087      ; 0.924      ;
; 0.673 ; IF_ID:IFID_reg|reg_N:reg_PCInc|dffg:\GEN_REG:31:DFFI|s_Q         ; ID_EX:IDEX_reg|reg_N:reg_PCInc|dffg:\GEN_REG:31:DFFI|s_Q         ; iCLK         ; iCLK        ; 0.000        ; 0.073      ; 0.917      ;
; 0.678 ; reg_N:ProgramCounter|dffg:\GEN_REG:20:DFFI|s_Q                   ; IF_ID:IFID_reg|reg_N:reg_PCInc|dffg:\GEN_REG:20:DFFI|s_Q         ; iCLK         ; iCLK        ; 0.000        ; 0.090      ; 0.939      ;
; 0.684 ; reg_N:ProgramCounter|dffg:\GEN_REG:17:DFFI|s_Q                   ; IF_ID:IFID_reg|reg_N:reg_PCInc|dffg:\GEN_REG:17:DFFI|s_Q         ; iCLK         ; iCLK        ; 0.000        ; 0.090      ; 0.945      ;
; 0.690 ; ID_EX:IDEX_reg|reg_N:reg_PCInc|dffg:\GEN_REG:28:DFFI|s_Q         ; EX_MEM:EXMEM_reg|reg_N:reg_PCWriteBack|dffg:\GEN_REG:28:DFFI|s_Q ; iCLK         ; iCLK        ; 0.000        ; 0.071      ; 0.932      ;
; 0.707 ; reg_N:reg_Imm_EX_MEM|dffg:\GEN_REG:18:DFFI|s_Q                   ; MEM_WB:MEMWB_reg|reg_N:reg_Imm|dffg:\GEN_REG:18:DFFI|s_Q         ; iCLK         ; iCLK        ; 0.000        ; 0.071      ; 0.949      ;
; 0.711 ; EX_MEM:EXMEM_reg|reg_N:reg_PCWriteBack|dffg:\GEN_REG:21:DFFI|s_Q ; MEM_WB:MEMWB_reg|reg_N:reg_PCWriteBack|dffg:\GEN_REG:21:DFFI|s_Q ; iCLK         ; iCLK        ; 0.000        ; 0.073      ; 0.955      ;
; 0.713 ; reg_N:ProgramCounter|dffg:\GEN_REG:27:DFFI|s_Q                   ; reg_N:ProgramCounter|dffg:\GEN_REG:28:DFFI|s_Q                   ; iCLK         ; iCLK        ; 0.000        ; 0.089      ; 0.973      ;
; 0.728 ; reg_N:ProgramCounter|dffg:\GEN_REG:3:DFFI|s_Q                    ; reg_N:ProgramCounter|dffg:\GEN_REG:5:DFFI|s_Q                    ; iCLK         ; iCLK        ; 0.000        ; 0.088      ; 0.987      ;
; 0.731 ; ID_EX:IDEX_reg|reg_N:reg_RS2Data|dffg:\GEN_REG:30:DFFI|s_Q       ; EX_MEM:EXMEM_reg|reg_N:reg_RS2Data|dffg:\GEN_REG:30:DFFI|s_Q     ; iCLK         ; iCLK        ; 0.000        ; 0.074      ; 0.976      ;
; 0.736 ; ID_EX:IDEX_reg|reg_N:reg_PCInc|dffg:\GEN_REG:31:DFFI|s_Q         ; EX_MEM:EXMEM_reg|reg_N:reg_PCWriteBack|dffg:\GEN_REG:31:DFFI|s_Q ; iCLK         ; iCLK        ; 0.000        ; 0.072      ; 0.979      ;
; 0.737 ; IF_ID:IFID_reg|reg_N:reg_PCInc|dffg:\GEN_REG:26:DFFI|s_Q         ; ID_EX:IDEX_reg|reg_N:reg_PCInc|dffg:\GEN_REG:26:DFFI|s_Q         ; iCLK         ; iCLK        ; 0.000        ; 0.090      ; 0.998      ;
; 0.748 ; EX_MEM:EXMEM_reg|reg_N:reg_PCWriteBack|dffg:\GEN_REG:13:DFFI|s_Q ; MEM_WB:MEMWB_reg|reg_N:reg_PCWriteBack|dffg:\GEN_REG:13:DFFI|s_Q ; iCLK         ; iCLK        ; 0.000        ; 0.072      ; 0.991      ;
; 0.773 ; ID_EX:IDEX_reg|reg_N:reg_PCInc|dffg:\GEN_REG:17:DFFI|s_Q         ; EX_MEM:EXMEM_reg|reg_N:reg_PCWriteBack|dffg:\GEN_REG:17:DFFI|s_Q ; iCLK         ; iCLK        ; 0.000        ; -0.305     ; 0.639      ;
; 0.775 ; reg_N:reg_Imm_EX_MEM|dffg:\GEN_REG:14:DFFI|s_Q                   ; MEM_WB:MEMWB_reg|reg_N:reg_Imm|dffg:\GEN_REG:14:DFFI|s_Q         ; iCLK         ; iCLK        ; 0.000        ; -0.307     ; 0.639      ;
; 0.775 ; ID_EX:IDEX_reg|reg_N:reg_Imm|dffg:\GEN_REG:31:DFFI|s_Q           ; reg_N:reg_Imm_EX_MEM|dffg:\GEN_REG:31:DFFI|s_Q                   ; iCLK         ; iCLK        ; 0.000        ; 0.064      ; 1.010      ;
; 0.777 ; ID_EX:IDEX_reg|reg_N:reg_PCInc|dffg:\GEN_REG:30:DFFI|s_Q         ; EX_MEM:EXMEM_reg|reg_N:reg_PCWriteBack|dffg:\GEN_REG:30:DFFI|s_Q ; iCLK         ; iCLK        ; 0.000        ; 0.072      ; 1.020      ;
; 0.777 ; ID_EX:IDEX_reg|reg_N:reg_PCInc|dffg:\GEN_REG:21:DFFI|s_Q         ; EX_MEM:EXMEM_reg|reg_N:reg_PCWriteBack|dffg:\GEN_REG:21:DFFI|s_Q ; iCLK         ; iCLK        ; 0.000        ; 0.072      ; 1.020      ;
; 0.777 ; ID_EX:IDEX_reg|reg_N:reg_PCInc|dffg:\GEN_REG:6:DFFI|s_Q          ; EX_MEM:EXMEM_reg|reg_N:reg_PCWriteBack|dffg:\GEN_REG:6:DFFI|s_Q  ; iCLK         ; iCLK        ; 0.000        ; -0.307     ; 0.641      ;
; 0.778 ; ID_EX:IDEX_reg|reg_N:reg_PCInc|dffg:\GEN_REG:13:DFFI|s_Q         ; EX_MEM:EXMEM_reg|reg_N:reg_PCWriteBack|dffg:\GEN_REG:13:DFFI|s_Q ; iCLK         ; iCLK        ; 0.000        ; -0.307     ; 0.642      ;
; 0.780 ; EX_MEM:EXMEM_reg|reg_N:reg_ALUOut|dffg:\GEN_REG:1:DFFI|s_Q       ; MEM_WB:MEMWB_reg|reg_N:reg_ALUOut|dffg:\GEN_REG:1:DFFI|s_Q       ; iCLK         ; iCLK        ; 0.000        ; 0.072      ; 1.023      ;
; 0.784 ; IF_ID:IFID_reg|reg_N:reg_PCInc|dffg:\GEN_REG:1:DFFI|s_Q          ; ID_EX:IDEX_reg|reg_N:reg_PCInc|dffg:\GEN_REG:1:DFFI|s_Q          ; iCLK         ; iCLK        ; 0.000        ; 0.072      ; 1.027      ;
; 0.785 ; ID_EX:IDEX_reg|reg_N:reg_PCInc|dffg:\GEN_REG:22:DFFI|s_Q         ; EX_MEM:EXMEM_reg|reg_N:reg_PCWriteBack|dffg:\GEN_REG:22:DFFI|s_Q ; iCLK         ; iCLK        ; 0.000        ; 0.073      ; 1.029      ;
; 0.796 ; reg_N:ProgramCounter|dffg:\GEN_REG:29:DFFI|s_Q                   ; IF_ID:IFID_reg|reg_N:reg_PC|dffg:\GEN_REG:29:DFFI|s_Q            ; iCLK         ; iCLK        ; 0.000        ; 0.090      ; 1.057      ;
; 0.797 ; IF_ID:IFID_reg|reg_N:reg_PC|dffg:\GEN_REG:17:DFFI|s_Q            ; ID_EX:IDEX_reg|reg_N:reg_PC|dffg:\GEN_REG:17:DFFI|s_Q            ; iCLK         ; iCLK        ; 0.000        ; 0.073      ; 1.041      ;
; 0.797 ; IF_ID:IFID_reg|reg_N:reg_PCInc|dffg:\GEN_REG:16:DFFI|s_Q         ; ID_EX:IDEX_reg|reg_N:reg_PCInc|dffg:\GEN_REG:16:DFFI|s_Q         ; iCLK         ; iCLK        ; 0.000        ; 0.071      ; 1.039      ;
; 0.797 ; IF_ID:IFID_reg|reg_N:reg_PCInc|dffg:\GEN_REG:11:DFFI|s_Q         ; ID_EX:IDEX_reg|reg_N:reg_PCInc|dffg:\GEN_REG:11:DFFI|s_Q         ; iCLK         ; iCLK        ; 0.000        ; 0.072      ; 1.040      ;
; 0.799 ; IF_ID:IFID_reg|reg_N:reg_PCInc|dffg:\GEN_REG:12:DFFI|s_Q         ; ID_EX:IDEX_reg|reg_N:reg_PCInc|dffg:\GEN_REG:12:DFFI|s_Q         ; iCLK         ; iCLK        ; 0.000        ; 0.072      ; 1.042      ;
; 0.800 ; reg_N:ProgramCounter|dffg:\GEN_REG:24:DFFI|s_Q                   ; IF_ID:IFID_reg|reg_N:reg_PCInc|dffg:\GEN_REG:24:DFFI|s_Q         ; iCLK         ; iCLK        ; 0.000        ; 0.089      ; 1.060      ;
; 0.801 ; reg_N:ProgramCounter|dffg:\GEN_REG:30:DFFI|s_Q                   ; IF_ID:IFID_reg|reg_N:reg_PC|dffg:\GEN_REG:30:DFFI|s_Q            ; iCLK         ; iCLK        ; 0.000        ; 0.090      ; 1.062      ;
; 0.803 ; ID_EX:IDEX_reg|reg_N:reg_PCInc|dffg:\GEN_REG:3:DFFI|s_Q          ; EX_MEM:EXMEM_reg|reg_N:reg_PCWriteBack|dffg:\GEN_REG:3:DFFI|s_Q  ; iCLK         ; iCLK        ; 0.000        ; -0.335     ; 0.639      ;
; 0.804 ; IF_ID:IFID_reg|reg_N:reg_PCInc|dffg:\GEN_REG:29:DFFI|s_Q         ; ID_EX:IDEX_reg|reg_N:reg_PCInc|dffg:\GEN_REG:29:DFFI|s_Q         ; iCLK         ; iCLK        ; 0.000        ; -0.335     ; 0.640      ;
; 0.804 ; ID_EX:IDEX_reg|reg_N:reg_PCInc|dffg:\GEN_REG:4:DFFI|s_Q          ; EX_MEM:EXMEM_reg|reg_N:reg_PCWriteBack|dffg:\GEN_REG:4:DFFI|s_Q  ; iCLK         ; iCLK        ; 0.000        ; -0.335     ; 0.640      ;
; 0.807 ; IF_ID:IFID_reg|reg_N:reg_PCInc|dffg:\GEN_REG:17:DFFI|s_Q         ; ID_EX:IDEX_reg|reg_N:reg_PCInc|dffg:\GEN_REG:17:DFFI|s_Q         ; iCLK         ; iCLK        ; 0.000        ; 0.061      ; 1.039      ;
; 0.813 ; IF_ID:IFID_reg|reg_N:reg_PC|dffg:\GEN_REG:3:DFFI|s_Q             ; ID_EX:IDEX_reg|reg_N:reg_PC|dffg:\GEN_REG:3:DFFI|s_Q             ; iCLK         ; iCLK        ; 0.000        ; 0.072      ; 1.056      ;
; 0.823 ; IF_ID:IFID_reg|reg_N:reg_PCInc|dffg:\GEN_REG:15:DFFI|s_Q         ; ID_EX:IDEX_reg|reg_N:reg_PCInc|dffg:\GEN_REG:15:DFFI|s_Q         ; iCLK         ; iCLK        ; 0.000        ; 0.089      ; 1.083      ;
; 0.824 ; ID_EX:IDEX_reg|reg_N:reg_PC|dffg:\GEN_REG:22:DFFI|s_Q            ; reg_N:ProgramCounter|dffg:\GEN_REG:22:DFFI|s_Q                   ; iCLK         ; iCLK        ; 0.000        ; 0.497      ; 1.492      ;
; 0.824 ; reg_N:ProgramCounter|dffg:\GEN_REG:22:DFFI|s_Q                   ; IF_ID:IFID_reg|reg_N:reg_PC|dffg:\GEN_REG:22:DFFI|s_Q            ; iCLK         ; iCLK        ; 0.000        ; -0.335     ; 0.660      ;
; 0.825 ; ID_EX:IDEX_reg|reg_N:reg_PCInc|dffg:\GEN_REG:0:DFFI|s_Q          ; reg_N:ProgramCounter|dffg:\GEN_REG:0:DFFI|s_Q                    ; iCLK         ; iCLK        ; 0.000        ; 0.072      ; 1.068      ;
+-------+------------------------------------------------------------------+------------------------------------------------------------------+--------------+-------------+--------------+------------+------------+


----------------------------------------------
; Slow 1200mV 0C Model Metastability Summary ;
----------------------------------------------
No synchronizer chains to report.


+------------------------------------+
; Fast 1200mV 0C Model Setup Summary ;
+-------+-------+--------------------+
; Clock ; Slack ; End Point TNS      ;
+-------+-------+--------------------+
; iCLK  ; 9.504 ; 0.000              ;
+-------+-------+--------------------+


+-----------------------------------+
; Fast 1200mV 0C Model Hold Summary ;
+-------+-------+-------------------+
; Clock ; Slack ; End Point TNS     ;
+-------+-------+-------------------+
; iCLK  ; 0.172 ; 0.000             ;
+-------+-------+-------------------+


-----------------------------------------
; Fast 1200mV 0C Model Recovery Summary ;
-----------------------------------------
No paths to report.


----------------------------------------
; Fast 1200mV 0C Model Removal Summary ;
----------------------------------------
No paths to report.


+--------------------------------------------------+
; Fast 1200mV 0C Model Minimum Pulse Width Summary ;
+-------+-------+----------------------------------+
; Clock ; Slack ; End Point TNS                    ;
+-------+-------+----------------------------------+
; iCLK  ; 9.407 ; 0.000                            ;
+-------+-------+----------------------------------+


+------------------------------------------------------------------------------------------------------------------------------------------------------------------------------------------------------+
; Fast 1200mV 0C Model Setup: 'iCLK'                                                                                                                                                                   ;
+-------+-----------------------------------------------------------+------------------------------------------------------------+--------------+-------------+--------------+------------+------------+
; Slack ; From Node                                                 ; To Node                                                    ; Launch Clock ; Latch Clock ; Relationship ; Clock Skew ; Data Delay ;
+-------+-----------------------------------------------------------+------------------------------------------------------------+--------------+-------------+--------------+------------+------------+
; 9.504 ; ID_EX:IDEX_reg|reg_N:reg_Imm|dffg:\GEN_REG:0:DFFI|s_Q     ; IF_ID:IFID_reg|reg_N:reg_Inst|dffg:\GEN_REG:10:DFFI|s_Q    ; iCLK         ; iCLK        ; 20.000       ; 0.113      ; 10.596     ;
; 9.555 ; ID_EX:IDEX_reg|reg_N:reg_Imm|dffg:\GEN_REG:0:DFFI|s_Q     ; IF_ID:IFID_reg|reg_N:reg_Inst|dffg:\GEN_REG:11:DFFI|s_Q    ; iCLK         ; iCLK        ; 20.000       ; 0.123      ; 10.555     ;
; 9.585 ; ID_EX:IDEX_reg|reg_N:reg_Imm|dffg:\GEN_REG:0:DFFI|s_Q     ; IF_ID:IFID_reg|reg_N:reg_Inst|dffg:\GEN_REG:25:DFFI|s_Q    ; iCLK         ; iCLK        ; 20.000       ; 0.115      ; 10.517     ;
; 9.585 ; ID_EX:IDEX_reg|reg_N:reg_Imm|dffg:\GEN_REG:0:DFFI|s_Q     ; IF_ID:IFID_reg|reg_N:reg_Inst|dffg:\GEN_REG:30:DFFI|s_Q    ; iCLK         ; iCLK        ; 20.000       ; 0.115      ; 10.517     ;
; 9.596 ; ID_EX:IDEX_reg|reg_N:reg_Imm|dffg:\GEN_REG:0:DFFI|s_Q     ; IF_ID:IFID_reg|reg_N:reg_Inst|dffg:\GEN_REG:13:DFFI|s_Q    ; iCLK         ; iCLK        ; 20.000       ; 0.121      ; 10.512     ;
; 9.603 ; ID_EX:IDEX_reg|reg_N:reg_Imm|dffg:\GEN_REG:0:DFFI|s_Q     ; IF_ID:IFID_reg|reg_N:reg_Inst|dffg:\GEN_REG:31:DFFI|s_Q    ; iCLK         ; iCLK        ; 20.000       ; 0.130      ; 10.514     ;
; 9.633 ; ID_EX:IDEX_reg|reg_N:reg_Imm|dffg:\GEN_REG:0:DFFI|s_Q     ; IF_ID:IFID_reg|reg_N:reg_Inst|dffg:\GEN_REG:24:DFFI|s_Q    ; iCLK         ; iCLK        ; 20.000       ; 0.151      ; 10.505     ;
; 9.633 ; ID_EX:IDEX_reg|reg_N:reg_Imm|dffg:\GEN_REG:0:DFFI|s_Q     ; IF_ID:IFID_reg|reg_N:reg_Inst|dffg:\GEN_REG:22:DFFI|s_Q    ; iCLK         ; iCLK        ; 20.000       ; 0.151      ; 10.505     ;
; 9.633 ; ID_EX:IDEX_reg|reg_N:reg_Imm|dffg:\GEN_REG:0:DFFI|s_Q     ; IF_ID:IFID_reg|reg_N:reg_Inst|dffg:\GEN_REG:19:DFFI|s_Q    ; iCLK         ; iCLK        ; 20.000       ; 0.151      ; 10.505     ;
; 9.665 ; ID_EX:IDEX_reg|reg_N:reg_Imm|dffg:\GEN_REG:0:DFFI|s_Q     ; IF_ID:IFID_reg|reg_N:reg_Inst|dffg:\GEN_REG:3:DFFI|s_Q     ; iCLK         ; iCLK        ; 20.000       ; 0.127      ; 10.449     ;
; 9.679 ; ID_EX:IDEX_reg|reg_N:reg_Imm|dffg:\GEN_REG:1:DFFI|s_Q     ; IF_ID:IFID_reg|reg_N:reg_Inst|dffg:\GEN_REG:10:DFFI|s_Q    ; iCLK         ; iCLK        ; 20.000       ; 0.113      ; 10.421     ;
; 9.684 ; ID_EX:IDEX_reg|reg_N:reg_Imm|dffg:\GEN_REG:0:DFFI|s_Q     ; IF_ID:IFID_reg|reg_N:reg_Inst|dffg:\GEN_REG:6:DFFI|s_Q     ; iCLK         ; iCLK        ; 20.000       ; 0.131      ; 10.434     ;
; 9.710 ; ID_EX:IDEX_reg|reg_N:reg_Imm|dffg:\GEN_REG:0:DFFI|s_Q     ; ID_EX:IDEX_reg|reg_N:reg_Imm|dffg:\GEN_REG:11:DFFI|s_Q     ; iCLK         ; iCLK        ; 20.000       ; 0.087      ; 10.364     ;
; 9.730 ; ID_EX:IDEX_reg|reg_N:reg_Imm|dffg:\GEN_REG:1:DFFI|s_Q     ; IF_ID:IFID_reg|reg_N:reg_Inst|dffg:\GEN_REG:11:DFFI|s_Q    ; iCLK         ; iCLK        ; 20.000       ; 0.123      ; 10.380     ;
; 9.731 ; ID_EX:IDEX_reg|reg_N:reg_Imm|dffg:\GEN_REG:0:DFFI|s_Q     ; IF_ID:IFID_reg|reg_N:reg_Inst|dffg:\GEN_REG:26:DFFI|s_Q    ; iCLK         ; iCLK        ; 20.000       ; 0.126      ; 10.382     ;
; 9.748 ; ID_EX:IDEX_reg|reg_N:reg_Imm|dffg:\GEN_REG:0:DFFI|s_Q     ; IF_ID:IFID_reg|reg_N:reg_Inst|dffg:\GEN_REG:7:DFFI|s_Q     ; iCLK         ; iCLK        ; 20.000       ; 0.115      ; 10.354     ;
; 9.759 ; ID_EX:IDEX_reg|reg_N:reg_Imm|dffg:\GEN_REG:0:DFFI|s_Q     ; IF_ID:IFID_reg|reg_N:reg_Inst|dffg:\GEN_REG:12:DFFI|s_Q    ; iCLK         ; iCLK        ; 20.000       ; 0.094      ; 10.322     ;
; 9.760 ; ID_EX:IDEX_reg|reg_N:reg_Imm|dffg:\GEN_REG:1:DFFI|s_Q     ; IF_ID:IFID_reg|reg_N:reg_Inst|dffg:\GEN_REG:25:DFFI|s_Q    ; iCLK         ; iCLK        ; 20.000       ; 0.115      ; 10.342     ;
; 9.760 ; ID_EX:IDEX_reg|reg_N:reg_Imm|dffg:\GEN_REG:1:DFFI|s_Q     ; IF_ID:IFID_reg|reg_N:reg_Inst|dffg:\GEN_REG:30:DFFI|s_Q    ; iCLK         ; iCLK        ; 20.000       ; 0.115      ; 10.342     ;
; 9.762 ; ID_EX:IDEX_reg|reg_N:reg_Imm|dffg:\GEN_REG:0:DFFI|s_Q     ; IF_ID:IFID_reg|reg_N:reg_Inst|dffg:\GEN_REG:14:DFFI|s_Q    ; iCLK         ; iCLK        ; 20.000       ; 0.130      ; 10.355     ;
; 9.771 ; ID_EX:IDEX_reg|reg_N:reg_RS2Data|dffg:\GEN_REG:0:DFFI|s_Q ; IF_ID:IFID_reg|reg_N:reg_Inst|dffg:\GEN_REG:10:DFFI|s_Q    ; iCLK         ; iCLK        ; 20.000       ; 0.129      ; 10.345     ;
; 9.771 ; ID_EX:IDEX_reg|reg_N:reg_Imm|dffg:\GEN_REG:1:DFFI|s_Q     ; IF_ID:IFID_reg|reg_N:reg_Inst|dffg:\GEN_REG:13:DFFI|s_Q    ; iCLK         ; iCLK        ; 20.000       ; 0.121      ; 10.337     ;
; 9.778 ; ID_EX:IDEX_reg|reg_N:reg_Imm|dffg:\GEN_REG:0:DFFI|s_Q     ; IF_ID:IFID_reg|reg_N:reg_Inst|dffg:\GEN_REG:29:DFFI|s_Q    ; iCLK         ; iCLK        ; 20.000       ; 0.125      ; 10.334     ;
; 9.778 ; ID_EX:IDEX_reg|reg_N:reg_Imm|dffg:\GEN_REG:0:DFFI|s_Q     ; IF_ID:IFID_reg|reg_N:reg_Inst|dffg:\GEN_REG:23:DFFI|s_Q    ; iCLK         ; iCLK        ; 20.000       ; 0.125      ; 10.334     ;
; 9.778 ; ID_EX:IDEX_reg|reg_N:reg_Imm|dffg:\GEN_REG:1:DFFI|s_Q     ; IF_ID:IFID_reg|reg_N:reg_Inst|dffg:\GEN_REG:31:DFFI|s_Q    ; iCLK         ; iCLK        ; 20.000       ; 0.130      ; 10.339     ;
; 9.786 ; ID_EX:IDEX_reg|reg_N:reg_Imm|dffg:\GEN_REG:0:DFFI|s_Q     ; IF_ID:IFID_reg|reg_N:reg_Inst|dffg:\GEN_REG:8:DFFI|s_Q     ; iCLK         ; iCLK        ; 20.000       ; 0.125      ; 10.326     ;
; 9.786 ; ID_EX:IDEX_reg|reg_N:reg_Imm|dffg:\GEN_REG:0:DFFI|s_Q     ; IF_ID:IFID_reg|reg_N:reg_Inst|dffg:\GEN_REG:28:DFFI|s_Q    ; iCLK         ; iCLK        ; 20.000       ; 0.125      ; 10.326     ;
; 9.786 ; ID_EX:IDEX_reg|reg_N:reg_Imm|dffg:\GEN_REG:0:DFFI|s_Q     ; IF_ID:IFID_reg|reg_N:reg_Inst|dffg:\GEN_REG:20:DFFI|s_Q    ; iCLK         ; iCLK        ; 20.000       ; 0.125      ; 10.326     ;
; 9.788 ; ID_EX:IDEX_reg|reg_N:reg_ALUSrc|dffg:\GEN_REG:0:DFFI|s_Q  ; IF_ID:IFID_reg|reg_N:reg_Inst|dffg:\GEN_REG:10:DFFI|s_Q    ; iCLK         ; iCLK        ; 20.000       ; 0.129      ; 10.328     ;
; 9.792 ; ID_EX:IDEX_reg|reg_N:reg_Imm|dffg:\GEN_REG:0:DFFI|s_Q     ; IF_ID:IFID_reg|reg_N:reg_Inst|dffg:\GEN_REG:18:DFFI|s_Q    ; iCLK         ; iCLK        ; 20.000       ; 0.136      ; 10.331     ;
; 9.808 ; ID_EX:IDEX_reg|reg_N:reg_Imm|dffg:\GEN_REG:1:DFFI|s_Q     ; IF_ID:IFID_reg|reg_N:reg_Inst|dffg:\GEN_REG:24:DFFI|s_Q    ; iCLK         ; iCLK        ; 20.000       ; 0.151      ; 10.330     ;
; 9.808 ; ID_EX:IDEX_reg|reg_N:reg_Imm|dffg:\GEN_REG:1:DFFI|s_Q     ; IF_ID:IFID_reg|reg_N:reg_Inst|dffg:\GEN_REG:22:DFFI|s_Q    ; iCLK         ; iCLK        ; 20.000       ; 0.151      ; 10.330     ;
; 9.808 ; ID_EX:IDEX_reg|reg_N:reg_Imm|dffg:\GEN_REG:1:DFFI|s_Q     ; IF_ID:IFID_reg|reg_N:reg_Inst|dffg:\GEN_REG:19:DFFI|s_Q    ; iCLK         ; iCLK        ; 20.000       ; 0.151      ; 10.330     ;
; 9.811 ; ID_EX:IDEX_reg|reg_N:reg_Imm|dffg:\GEN_REG:0:DFFI|s_Q     ; IF_ID:IFID_reg|reg_N:reg_Inst|dffg:\GEN_REG:9:DFFI|s_Q     ; iCLK         ; iCLK        ; 20.000       ; 0.146      ; 10.322     ;
; 9.811 ; ID_EX:IDEX_reg|reg_N:reg_Imm|dffg:\GEN_REG:0:DFFI|s_Q     ; IF_ID:IFID_reg|reg_N:reg_Inst|dffg:\GEN_REG:17:DFFI|s_Q    ; iCLK         ; iCLK        ; 20.000       ; 0.146      ; 10.322     ;
; 9.811 ; ID_EX:IDEX_reg|reg_N:reg_Imm|dffg:\GEN_REG:0:DFFI|s_Q     ; IF_ID:IFID_reg|reg_N:reg_Inst|dffg:\GEN_REG:2:DFFI|s_Q     ; iCLK         ; iCLK        ; 20.000       ; 0.146      ; 10.322     ;
; 9.822 ; ID_EX:IDEX_reg|reg_N:reg_RS2Data|dffg:\GEN_REG:0:DFFI|s_Q ; IF_ID:IFID_reg|reg_N:reg_Inst|dffg:\GEN_REG:11:DFFI|s_Q    ; iCLK         ; iCLK        ; 20.000       ; 0.139      ; 10.304     ;
; 9.839 ; ID_EX:IDEX_reg|reg_N:reg_ALUSrc|dffg:\GEN_REG:0:DFFI|s_Q  ; IF_ID:IFID_reg|reg_N:reg_Inst|dffg:\GEN_REG:11:DFFI|s_Q    ; iCLK         ; iCLK        ; 20.000       ; 0.139      ; 10.287     ;
; 9.840 ; ID_EX:IDEX_reg|reg_N:reg_Imm|dffg:\GEN_REG:1:DFFI|s_Q     ; IF_ID:IFID_reg|reg_N:reg_Inst|dffg:\GEN_REG:3:DFFI|s_Q     ; iCLK         ; iCLK        ; 20.000       ; 0.127      ; 10.274     ;
; 9.846 ; ID_EX:IDEX_reg|reg_N:reg_Imm|dffg:\GEN_REG:0:DFFI|s_Q     ; reg_N:ProgramCounter|dffg:\GEN_REG:3:DFFI|s_Q              ; iCLK         ; iCLK        ; 20.000       ; 0.128      ; 10.269     ;
; 9.848 ; ID_EX:IDEX_reg|reg_N:reg_RS2Data|dffg:\GEN_REG:0:DFFI|s_Q ; IF_ID:IFID_reg|reg_N:reg_Inst|dffg:\GEN_REG:13:DFFI|s_Q    ; iCLK         ; iCLK        ; 20.000       ; 0.122      ; 10.261     ;
; 9.852 ; ID_EX:IDEX_reg|reg_N:reg_RS2Data|dffg:\GEN_REG:0:DFFI|s_Q ; IF_ID:IFID_reg|reg_N:reg_Inst|dffg:\GEN_REG:25:DFFI|s_Q    ; iCLK         ; iCLK        ; 20.000       ; 0.131      ; 10.266     ;
; 9.852 ; ID_EX:IDEX_reg|reg_N:reg_RS2Data|dffg:\GEN_REG:0:DFFI|s_Q ; IF_ID:IFID_reg|reg_N:reg_Inst|dffg:\GEN_REG:30:DFFI|s_Q    ; iCLK         ; iCLK        ; 20.000       ; 0.131      ; 10.266     ;
; 9.855 ; ID_EX:IDEX_reg|reg_N:reg_RS2Data|dffg:\GEN_REG:0:DFFI|s_Q ; IF_ID:IFID_reg|reg_N:reg_Inst|dffg:\GEN_REG:31:DFFI|s_Q    ; iCLK         ; iCLK        ; 20.000       ; 0.131      ; 10.263     ;
; 9.856 ; ID_EX:IDEX_reg|reg_N:reg_Imm|dffg:\GEN_REG:0:DFFI|s_Q     ; IF_ID:IFID_reg|reg_N:reg_Inst|dffg:\GEN_REG:27:DFFI|s_Q    ; iCLK         ; iCLK        ; 20.000       ; 0.119      ; 10.250     ;
; 9.856 ; ID_EX:IDEX_reg|reg_N:reg_Imm|dffg:\GEN_REG:0:DFFI|s_Q     ; IF_ID:IFID_reg|reg_N:reg_Inst|dffg:\GEN_REG:21:DFFI|s_Q    ; iCLK         ; iCLK        ; 20.000       ; 0.119      ; 10.250     ;
; 9.859 ; ID_EX:IDEX_reg|reg_N:reg_Imm|dffg:\GEN_REG:1:DFFI|s_Q     ; IF_ID:IFID_reg|reg_N:reg_Inst|dffg:\GEN_REG:6:DFFI|s_Q     ; iCLK         ; iCLK        ; 20.000       ; 0.131      ; 10.259     ;
; 9.865 ; ID_EX:IDEX_reg|reg_N:reg_ALUSrc|dffg:\GEN_REG:0:DFFI|s_Q  ; IF_ID:IFID_reg|reg_N:reg_Inst|dffg:\GEN_REG:13:DFFI|s_Q    ; iCLK         ; iCLK        ; 20.000       ; 0.122      ; 10.244     ;
; 9.869 ; ID_EX:IDEX_reg|reg_N:reg_ALUSrc|dffg:\GEN_REG:0:DFFI|s_Q  ; IF_ID:IFID_reg|reg_N:reg_Inst|dffg:\GEN_REG:25:DFFI|s_Q    ; iCLK         ; iCLK        ; 20.000       ; 0.131      ; 10.249     ;
; 9.869 ; ID_EX:IDEX_reg|reg_N:reg_ALUSrc|dffg:\GEN_REG:0:DFFI|s_Q  ; IF_ID:IFID_reg|reg_N:reg_Inst|dffg:\GEN_REG:30:DFFI|s_Q    ; iCLK         ; iCLK        ; 20.000       ; 0.131      ; 10.249     ;
; 9.872 ; ID_EX:IDEX_reg|reg_N:reg_ALUSrc|dffg:\GEN_REG:0:DFFI|s_Q  ; IF_ID:IFID_reg|reg_N:reg_Inst|dffg:\GEN_REG:31:DFFI|s_Q    ; iCLK         ; iCLK        ; 20.000       ; 0.131      ; 10.246     ;
; 9.874 ; ID_EX:IDEX_reg|reg_N:reg_RS2Data|dffg:\GEN_REG:1:DFFI|s_Q ; IF_ID:IFID_reg|reg_N:reg_Inst|dffg:\GEN_REG:10:DFFI|s_Q    ; iCLK         ; iCLK        ; 20.000       ; 0.129      ; 10.242     ;
; 9.875 ; ID_EX:IDEX_reg|reg_N:reg_Imm|dffg:\GEN_REG:0:DFFI|s_Q     ; reg_N:ProgramCounter|dffg:\GEN_REG:1:DFFI|s_Q              ; iCLK         ; iCLK        ; 20.000       ; -0.042     ; 10.070     ;
; 9.885 ; ID_EX:IDEX_reg|reg_N:reg_RS2Data|dffg:\GEN_REG:0:DFFI|s_Q ; IF_ID:IFID_reg|reg_N:reg_Inst|dffg:\GEN_REG:24:DFFI|s_Q    ; iCLK         ; iCLK        ; 20.000       ; 0.152      ; 10.254     ;
; 9.885 ; ID_EX:IDEX_reg|reg_N:reg_RS2Data|dffg:\GEN_REG:0:DFFI|s_Q ; IF_ID:IFID_reg|reg_N:reg_Inst|dffg:\GEN_REG:22:DFFI|s_Q    ; iCLK         ; iCLK        ; 20.000       ; 0.152      ; 10.254     ;
; 9.885 ; ID_EX:IDEX_reg|reg_N:reg_RS2Data|dffg:\GEN_REG:0:DFFI|s_Q ; IF_ID:IFID_reg|reg_N:reg_Inst|dffg:\GEN_REG:19:DFFI|s_Q    ; iCLK         ; iCLK        ; 20.000       ; 0.152      ; 10.254     ;
; 9.885 ; ID_EX:IDEX_reg|reg_N:reg_Imm|dffg:\GEN_REG:1:DFFI|s_Q     ; ID_EX:IDEX_reg|reg_N:reg_Imm|dffg:\GEN_REG:11:DFFI|s_Q     ; iCLK         ; iCLK        ; 20.000       ; 0.087      ; 10.189     ;
; 9.902 ; ID_EX:IDEX_reg|reg_N:reg_ALUSrc|dffg:\GEN_REG:0:DFFI|s_Q  ; IF_ID:IFID_reg|reg_N:reg_Inst|dffg:\GEN_REG:24:DFFI|s_Q    ; iCLK         ; iCLK        ; 20.000       ; 0.152      ; 10.237     ;
; 9.902 ; ID_EX:IDEX_reg|reg_N:reg_ALUSrc|dffg:\GEN_REG:0:DFFI|s_Q  ; IF_ID:IFID_reg|reg_N:reg_Inst|dffg:\GEN_REG:22:DFFI|s_Q    ; iCLK         ; iCLK        ; 20.000       ; 0.152      ; 10.237     ;
; 9.902 ; ID_EX:IDEX_reg|reg_N:reg_ALUSrc|dffg:\GEN_REG:0:DFFI|s_Q  ; IF_ID:IFID_reg|reg_N:reg_Inst|dffg:\GEN_REG:19:DFFI|s_Q    ; iCLK         ; iCLK        ; 20.000       ; 0.152      ; 10.237     ;
; 9.906 ; ID_EX:IDEX_reg|reg_N:reg_Imm|dffg:\GEN_REG:1:DFFI|s_Q     ; IF_ID:IFID_reg|reg_N:reg_Inst|dffg:\GEN_REG:26:DFFI|s_Q    ; iCLK         ; iCLK        ; 20.000       ; 0.126      ; 10.207     ;
; 9.917 ; ID_EX:IDEX_reg|reg_N:reg_RS2Data|dffg:\GEN_REG:0:DFFI|s_Q ; IF_ID:IFID_reg|reg_N:reg_Inst|dffg:\GEN_REG:3:DFFI|s_Q     ; iCLK         ; iCLK        ; 20.000       ; 0.128      ; 10.198     ;
; 9.922 ; ID_EX:IDEX_reg|reg_N:reg_Imm|dffg:\GEN_REG:0:DFFI|s_Q     ; IF_ID:IFID_reg|reg_N:reg_Inst|dffg:\GEN_REG:16:DFFI|s_Q    ; iCLK         ; iCLK        ; 20.000       ; 0.119      ; 10.184     ;
; 9.923 ; ID_EX:IDEX_reg|reg_N:reg_Imm|dffg:\GEN_REG:1:DFFI|s_Q     ; IF_ID:IFID_reg|reg_N:reg_Inst|dffg:\GEN_REG:7:DFFI|s_Q     ; iCLK         ; iCLK        ; 20.000       ; 0.115      ; 10.179     ;
; 9.924 ; ID_EX:IDEX_reg|reg_N:reg_RS1Data|dffg:\GEN_REG:0:DFFI|s_Q ; IF_ID:IFID_reg|reg_N:reg_Inst|dffg:\GEN_REG:10:DFFI|s_Q    ; iCLK         ; iCLK        ; 20.000       ; -0.074     ; 9.989      ;
; 9.925 ; ID_EX:IDEX_reg|reg_N:reg_RS2Data|dffg:\GEN_REG:1:DFFI|s_Q ; IF_ID:IFID_reg|reg_N:reg_Inst|dffg:\GEN_REG:11:DFFI|s_Q    ; iCLK         ; iCLK        ; 20.000       ; 0.139      ; 10.201     ;
; 9.930 ; ID_EX:IDEX_reg|reg_N:reg_ALUCTL|dffg:\GEN_REG:1:DFFI|s_Q  ; IF_ID:IFID_reg|reg_N:reg_Inst|dffg:\GEN_REG:10:DFFI|s_Q    ; iCLK         ; iCLK        ; 20.000       ; 0.128      ; 10.185     ;
; 9.934 ; ID_EX:IDEX_reg|reg_N:reg_ALUSrc|dffg:\GEN_REG:0:DFFI|s_Q  ; IF_ID:IFID_reg|reg_N:reg_Inst|dffg:\GEN_REG:3:DFFI|s_Q     ; iCLK         ; iCLK        ; 20.000       ; 0.128      ; 10.181     ;
; 9.934 ; ID_EX:IDEX_reg|reg_N:reg_Imm|dffg:\GEN_REG:1:DFFI|s_Q     ; IF_ID:IFID_reg|reg_N:reg_Inst|dffg:\GEN_REG:12:DFFI|s_Q    ; iCLK         ; iCLK        ; 20.000       ; 0.094      ; 10.147     ;
; 9.936 ; ID_EX:IDEX_reg|reg_N:reg_RS2Data|dffg:\GEN_REG:0:DFFI|s_Q ; IF_ID:IFID_reg|reg_N:reg_Inst|dffg:\GEN_REG:6:DFFI|s_Q     ; iCLK         ; iCLK        ; 20.000       ; 0.132      ; 10.183     ;
; 9.936 ; ID_EX:IDEX_reg|reg_N:reg_Imm|dffg:\GEN_REG:0:DFFI|s_Q     ; ID_EX:IDEX_reg|reg_N:reg_ALUSrc|dffg:\GEN_REG:0:DFFI|s_Q   ; iCLK         ; iCLK        ; 20.000       ; -0.072     ; 9.979      ;
; 9.937 ; ID_EX:IDEX_reg|reg_N:reg_Imm|dffg:\GEN_REG:1:DFFI|s_Q     ; IF_ID:IFID_reg|reg_N:reg_Inst|dffg:\GEN_REG:14:DFFI|s_Q    ; iCLK         ; iCLK        ; 20.000       ; 0.130      ; 10.180     ;
; 9.947 ; ID_EX:IDEX_reg|reg_N:reg_Imm|dffg:\GEN_REG:0:DFFI|s_Q     ; reg_N:ProgramCounter|dffg:\GEN_REG:4:DFFI|s_Q              ; iCLK         ; iCLK        ; 20.000       ; 0.128      ; 10.168     ;
; 9.951 ; ID_EX:IDEX_reg|reg_N:reg_RS2Data|dffg:\GEN_REG:1:DFFI|s_Q ; IF_ID:IFID_reg|reg_N:reg_Inst|dffg:\GEN_REG:13:DFFI|s_Q    ; iCLK         ; iCLK        ; 20.000       ; 0.122      ; 10.158     ;
; 9.953 ; ID_EX:IDEX_reg|reg_N:reg_ALUSrc|dffg:\GEN_REG:0:DFFI|s_Q  ; IF_ID:IFID_reg|reg_N:reg_Inst|dffg:\GEN_REG:6:DFFI|s_Q     ; iCLK         ; iCLK        ; 20.000       ; 0.132      ; 10.166     ;
; 9.953 ; ID_EX:IDEX_reg|reg_N:reg_Imm|dffg:\GEN_REG:1:DFFI|s_Q     ; IF_ID:IFID_reg|reg_N:reg_Inst|dffg:\GEN_REG:29:DFFI|s_Q    ; iCLK         ; iCLK        ; 20.000       ; 0.125      ; 10.159     ;
; 9.953 ; ID_EX:IDEX_reg|reg_N:reg_Imm|dffg:\GEN_REG:1:DFFI|s_Q     ; IF_ID:IFID_reg|reg_N:reg_Inst|dffg:\GEN_REG:23:DFFI|s_Q    ; iCLK         ; iCLK        ; 20.000       ; 0.125      ; 10.159     ;
; 9.955 ; ID_EX:IDEX_reg|reg_N:reg_RS2Data|dffg:\GEN_REG:1:DFFI|s_Q ; IF_ID:IFID_reg|reg_N:reg_Inst|dffg:\GEN_REG:25:DFFI|s_Q    ; iCLK         ; iCLK        ; 20.000       ; 0.131      ; 10.163     ;
; 9.955 ; ID_EX:IDEX_reg|reg_N:reg_RS2Data|dffg:\GEN_REG:1:DFFI|s_Q ; IF_ID:IFID_reg|reg_N:reg_Inst|dffg:\GEN_REG:30:DFFI|s_Q    ; iCLK         ; iCLK        ; 20.000       ; 0.131      ; 10.163     ;
; 9.957 ; ID_EX:IDEX_reg|reg_N:reg_Imm|dffg:\GEN_REG:0:DFFI|s_Q     ; reg_N:ProgramCounter|dffg:\GEN_REG:6:DFFI|s_Q              ; iCLK         ; iCLK        ; 20.000       ; 0.123      ; 10.153     ;
; 9.957 ; ID_EX:IDEX_reg|reg_N:reg_Imm|dffg:\GEN_REG:0:DFFI|s_Q     ; ID_EX:IDEX_reg|reg_N:reg_RS2Data|dffg:\GEN_REG:30:DFFI|s_Q ; iCLK         ; iCLK        ; 20.000       ; -0.044     ; 9.986      ;
; 9.958 ; ID_EX:IDEX_reg|reg_N:reg_RS2Data|dffg:\GEN_REG:1:DFFI|s_Q ; IF_ID:IFID_reg|reg_N:reg_Inst|dffg:\GEN_REG:31:DFFI|s_Q    ; iCLK         ; iCLK        ; 20.000       ; 0.131      ; 10.160     ;
; 9.961 ; ID_EX:IDEX_reg|reg_N:reg_Imm|dffg:\GEN_REG:1:DFFI|s_Q     ; IF_ID:IFID_reg|reg_N:reg_Inst|dffg:\GEN_REG:8:DFFI|s_Q     ; iCLK         ; iCLK        ; 20.000       ; 0.125      ; 10.151     ;
; 9.961 ; ID_EX:IDEX_reg|reg_N:reg_Imm|dffg:\GEN_REG:1:DFFI|s_Q     ; IF_ID:IFID_reg|reg_N:reg_Inst|dffg:\GEN_REG:28:DFFI|s_Q    ; iCLK         ; iCLK        ; 20.000       ; 0.125      ; 10.151     ;
; 9.961 ; ID_EX:IDEX_reg|reg_N:reg_Imm|dffg:\GEN_REG:1:DFFI|s_Q     ; IF_ID:IFID_reg|reg_N:reg_Inst|dffg:\GEN_REG:20:DFFI|s_Q    ; iCLK         ; iCLK        ; 20.000       ; 0.125      ; 10.151     ;
; 9.962 ; ID_EX:IDEX_reg|reg_N:reg_Imm|dffg:\GEN_REG:0:DFFI|s_Q     ; reg_N:ProgramCounter|dffg:\GEN_REG:0:DFFI|s_Q              ; iCLK         ; iCLK        ; 20.000       ; -0.042     ; 9.983      ;
; 9.967 ; ID_EX:IDEX_reg|reg_N:reg_Imm|dffg:\GEN_REG:1:DFFI|s_Q     ; IF_ID:IFID_reg|reg_N:reg_Inst|dffg:\GEN_REG:18:DFFI|s_Q    ; iCLK         ; iCLK        ; 20.000       ; 0.136      ; 10.156     ;
; 9.974 ; ID_EX:IDEX_reg|reg_N:reg_Imm|dffg:\GEN_REG:0:DFFI|s_Q     ; ID_EX:IDEX_reg|reg_N:reg_Imm|dffg:\GEN_REG:31:DFFI|s_Q     ; iCLK         ; iCLK        ; 20.000       ; -0.042     ; 9.971      ;
; 9.974 ; ID_EX:IDEX_reg|reg_N:reg_Imm|dffg:\GEN_REG:0:DFFI|s_Q     ; ID_EX:IDEX_reg|reg_N:reg_Imm|dffg:\GEN_REG:0:DFFI|s_Q      ; iCLK         ; iCLK        ; 20.000       ; -0.042     ; 9.971      ;
; 9.975 ; ID_EX:IDEX_reg|reg_N:reg_RS1Data|dffg:\GEN_REG:0:DFFI|s_Q ; IF_ID:IFID_reg|reg_N:reg_Inst|dffg:\GEN_REG:11:DFFI|s_Q    ; iCLK         ; iCLK        ; 20.000       ; -0.064     ; 9.948      ;
; 9.979 ; ID_EX:IDEX_reg|reg_N:reg_Imm|dffg:\GEN_REG:0:DFFI|s_Q     ; ID_EX:IDEX_reg|reg_N:reg_RS2Data|dffg:\GEN_REG:11:DFFI|s_Q ; iCLK         ; iCLK        ; 20.000       ; 0.087      ; 10.095     ;
; 9.981 ; ID_EX:IDEX_reg|reg_N:reg_ALUCTL|dffg:\GEN_REG:1:DFFI|s_Q  ; IF_ID:IFID_reg|reg_N:reg_Inst|dffg:\GEN_REG:11:DFFI|s_Q    ; iCLK         ; iCLK        ; 20.000       ; 0.138      ; 10.144     ;
; 9.983 ; ID_EX:IDEX_reg|reg_N:reg_RS2Data|dffg:\GEN_REG:0:DFFI|s_Q ; IF_ID:IFID_reg|reg_N:reg_Inst|dffg:\GEN_REG:26:DFFI|s_Q    ; iCLK         ; iCLK        ; 20.000       ; 0.127      ; 10.131     ;
; 9.986 ; ID_EX:IDEX_reg|reg_N:reg_Imm|dffg:\GEN_REG:1:DFFI|s_Q     ; IF_ID:IFID_reg|reg_N:reg_Inst|dffg:\GEN_REG:9:DFFI|s_Q     ; iCLK         ; iCLK        ; 20.000       ; 0.146      ; 10.147     ;
; 9.986 ; ID_EX:IDEX_reg|reg_N:reg_Imm|dffg:\GEN_REG:1:DFFI|s_Q     ; IF_ID:IFID_reg|reg_N:reg_Inst|dffg:\GEN_REG:17:DFFI|s_Q    ; iCLK         ; iCLK        ; 20.000       ; 0.146      ; 10.147     ;
; 9.986 ; ID_EX:IDEX_reg|reg_N:reg_Imm|dffg:\GEN_REG:1:DFFI|s_Q     ; IF_ID:IFID_reg|reg_N:reg_Inst|dffg:\GEN_REG:2:DFFI|s_Q     ; iCLK         ; iCLK        ; 20.000       ; 0.146      ; 10.147     ;
; 9.988 ; ID_EX:IDEX_reg|reg_N:reg_RS2Data|dffg:\GEN_REG:1:DFFI|s_Q ; IF_ID:IFID_reg|reg_N:reg_Inst|dffg:\GEN_REG:24:DFFI|s_Q    ; iCLK         ; iCLK        ; 20.000       ; 0.152      ; 10.151     ;
; 9.988 ; ID_EX:IDEX_reg|reg_N:reg_RS2Data|dffg:\GEN_REG:1:DFFI|s_Q ; IF_ID:IFID_reg|reg_N:reg_Inst|dffg:\GEN_REG:22:DFFI|s_Q    ; iCLK         ; iCLK        ; 20.000       ; 0.152      ; 10.151     ;
; 9.988 ; ID_EX:IDEX_reg|reg_N:reg_RS2Data|dffg:\GEN_REG:1:DFFI|s_Q ; IF_ID:IFID_reg|reg_N:reg_Inst|dffg:\GEN_REG:19:DFFI|s_Q    ; iCLK         ; iCLK        ; 20.000       ; 0.152      ; 10.151     ;
; 9.992 ; ID_EX:IDEX_reg|reg_N:reg_RS2Data|dffg:\GEN_REG:0:DFFI|s_Q ; ID_EX:IDEX_reg|reg_N:reg_Imm|dffg:\GEN_REG:11:DFFI|s_Q     ; iCLK         ; iCLK        ; 20.000       ; 0.118      ; 10.113     ;
+-------+-----------------------------------------------------------+------------------------------------------------------------+--------------+-------------+--------------+------------+------------+


+-------------------------------------------------------------------------------------------------------------------------------------------------------------------------------------------------------------------+
; Fast 1200mV 0C Model Hold: 'iCLK'                                                                                                                                                                                 ;
+-------+------------------------------------------------------------------+------------------------------------------------------------------+--------------+-------------+--------------+------------+------------+
; Slack ; From Node                                                        ; To Node                                                          ; Launch Clock ; Latch Clock ; Relationship ; Clock Skew ; Data Delay ;
+-------+------------------------------------------------------------------+------------------------------------------------------------------+--------------+-------------+--------------+------------+------------+
; 0.172 ; reg_N:ProgramCounter|dffg:\GEN_REG:23:DFFI|s_Q                   ; reg_N:ProgramCounter|dffg:\GEN_REG:23:DFFI|s_Q                   ; iCLK         ; iCLK        ; 0.000        ; 0.051      ; 0.307      ;
; 0.172 ; reg_N:ProgramCounter|dffg:\GEN_REG:21:DFFI|s_Q                   ; reg_N:ProgramCounter|dffg:\GEN_REG:21:DFFI|s_Q                   ; iCLK         ; iCLK        ; 0.000        ; 0.051      ; 0.307      ;
; 0.172 ; reg_N:ProgramCounter|dffg:\GEN_REG:20:DFFI|s_Q                   ; reg_N:ProgramCounter|dffg:\GEN_REG:20:DFFI|s_Q                   ; iCLK         ; iCLK        ; 0.000        ; 0.051      ; 0.307      ;
; 0.172 ; reg_N:ProgramCounter|dffg:\GEN_REG:29:DFFI|s_Q                   ; reg_N:ProgramCounter|dffg:\GEN_REG:29:DFFI|s_Q                   ; iCLK         ; iCLK        ; 0.000        ; 0.051      ; 0.307      ;
; 0.173 ; reg_N:ProgramCounter|dffg:\GEN_REG:9:DFFI|s_Q                    ; reg_N:ProgramCounter|dffg:\GEN_REG:9:DFFI|s_Q                    ; iCLK         ; iCLK        ; 0.000        ; 0.050      ; 0.307      ;
; 0.173 ; reg_N:ProgramCounter|dffg:\GEN_REG:17:DFFI|s_Q                   ; reg_N:ProgramCounter|dffg:\GEN_REG:17:DFFI|s_Q                   ; iCLK         ; iCLK        ; 0.000        ; 0.050      ; 0.307      ;
; 0.173 ; reg_N:ProgramCounter|dffg:\GEN_REG:24:DFFI|s_Q                   ; reg_N:ProgramCounter|dffg:\GEN_REG:24:DFFI|s_Q                   ; iCLK         ; iCLK        ; 0.000        ; 0.050      ; 0.307      ;
; 0.173 ; reg_N:ProgramCounter|dffg:\GEN_REG:26:DFFI|s_Q                   ; reg_N:ProgramCounter|dffg:\GEN_REG:26:DFFI|s_Q                   ; iCLK         ; iCLK        ; 0.000        ; 0.050      ; 0.307      ;
; 0.174 ; reg_N:ProgramCounter|dffg:\GEN_REG:3:DFFI|s_Q                    ; reg_N:ProgramCounter|dffg:\GEN_REG:3:DFFI|s_Q                    ; iCLK         ; iCLK        ; 0.000        ; 0.049      ; 0.307      ;
; 0.174 ; reg_N:ProgramCounter|dffg:\GEN_REG:6:DFFI|s_Q                    ; reg_N:ProgramCounter|dffg:\GEN_REG:6:DFFI|s_Q                    ; iCLK         ; iCLK        ; 0.000        ; 0.049      ; 0.307      ;
; 0.174 ; reg_N:ProgramCounter|dffg:\GEN_REG:11:DFFI|s_Q                   ; reg_N:ProgramCounter|dffg:\GEN_REG:11:DFFI|s_Q                   ; iCLK         ; iCLK        ; 0.000        ; 0.049      ; 0.307      ;
; 0.174 ; reg_N:ProgramCounter|dffg:\GEN_REG:15:DFFI|s_Q                   ; reg_N:ProgramCounter|dffg:\GEN_REG:15:DFFI|s_Q                   ; iCLK         ; iCLK        ; 0.000        ; 0.049      ; 0.307      ;
; 0.174 ; reg_N:ProgramCounter|dffg:\GEN_REG:14:DFFI|s_Q                   ; reg_N:ProgramCounter|dffg:\GEN_REG:14:DFFI|s_Q                   ; iCLK         ; iCLK        ; 0.000        ; 0.049      ; 0.307      ;
; 0.174 ; reg_N:ProgramCounter|dffg:\GEN_REG:16:DFFI|s_Q                   ; reg_N:ProgramCounter|dffg:\GEN_REG:16:DFFI|s_Q                   ; iCLK         ; iCLK        ; 0.000        ; 0.049      ; 0.307      ;
; 0.189 ; EX_MEM:EXMEM_reg|reg_N:reg_ALUOut|dffg:\GEN_REG:17:DFFI|s_Q      ; MEM_WB:MEMWB_reg|reg_N:reg_ALUOut|dffg:\GEN_REG:17:DFFI|s_Q      ; iCLK         ; iCLK        ; 0.000        ; 0.041      ; 0.314      ;
; 0.189 ; EX_MEM:EXMEM_reg|reg_N:reg_Inst|dffg:\GEN_REG:7:DFFI|s_Q         ; MEM_WB:MEMWB_reg|reg_N:reg_Inst|dffg:\GEN_REG:7:DFFI|s_Q         ; iCLK         ; iCLK        ; 0.000        ; 0.041      ; 0.314      ;
; 0.190 ; EX_MEM:EXMEM_reg|reg_N:reg_WRBCKSEL|dffg:\GEN_REG:0:DFFI|s_Q     ; MEM_WB:MEMWB_reg|reg_N:reg_WRBCKSEL|dffg:\GEN_REG:0:DFFI|s_Q     ; iCLK         ; iCLK        ; 0.000        ; 0.040      ; 0.314      ;
; 0.190 ; EX_MEM:EXMEM_reg|reg_N:reg_Inst|dffg:\GEN_REG:10:DFFI|s_Q        ; MEM_WB:MEMWB_reg|reg_N:reg_Inst|dffg:\GEN_REG:10:DFFI|s_Q        ; iCLK         ; iCLK        ; 0.000        ; 0.041      ; 0.315      ;
; 0.191 ; reg_N:reg_Imm_EX_MEM|dffg:\GEN_REG:17:DFFI|s_Q                   ; MEM_WB:MEMWB_reg|reg_N:reg_Imm|dffg:\GEN_REG:17:DFFI|s_Q         ; iCLK         ; iCLK        ; 0.000        ; 0.041      ; 0.316      ;
; 0.192 ; EX_MEM:EXMEM_reg|reg_N:reg_Inst|dffg:\GEN_REG:9:DFFI|s_Q         ; MEM_WB:MEMWB_reg|reg_N:reg_Inst|dffg:\GEN_REG:9:DFFI|s_Q         ; iCLK         ; iCLK        ; 0.000        ; 0.041      ; 0.317      ;
; 0.198 ; reg_N:ProgramCounter|dffg:\GEN_REG:29:DFFI|s_Q                   ; IF_ID:IFID_reg|reg_N:reg_PCInc|dffg:\GEN_REG:29:DFFI|s_Q         ; iCLK         ; iCLK        ; 0.000        ; 0.051      ; 0.333      ;
; 0.218 ; ID_EX:IDEX_reg|reg_N:reg_Imm|dffg:\GEN_REG:0:DFFI|s_Q            ; reg_N:ProgramCounter|dffg:\GEN_REG:1:DFFI|s_Q                    ; iCLK         ; iCLK        ; 0.000        ; 0.042      ; 0.344      ;
; 0.254 ; IF_ID:IFID_reg|reg_N:reg_PC|dffg:\GEN_REG:22:DFFI|s_Q            ; ID_EX:IDEX_reg|reg_N:reg_PC|dffg:\GEN_REG:22:DFFI|s_Q            ; iCLK         ; iCLK        ; 0.000        ; 0.042      ; 0.380      ;
; 0.256 ; reg_N:reg_Imm_EX_MEM|dffg:\GEN_REG:4:DFFI|s_Q                    ; MEM_WB:MEMWB_reg|reg_N:reg_Imm|dffg:\GEN_REG:4:DFFI|s_Q          ; iCLK         ; iCLK        ; 0.000        ; 0.042      ; 0.382      ;
; 0.262 ; EX_MEM:EXMEM_reg|reg_N:reg_PCWriteBack|dffg:\GEN_REG:18:DFFI|s_Q ; MEM_WB:MEMWB_reg|reg_N:reg_PCWriteBack|dffg:\GEN_REG:18:DFFI|s_Q ; iCLK         ; iCLK        ; 0.000        ; 0.042      ; 0.388      ;
; 0.262 ; reg_N:reg_Imm_EX_MEM|dffg:\GEN_REG:0:DFFI|s_Q                    ; MEM_WB:MEMWB_reg|reg_N:reg_Imm|dffg:\GEN_REG:0:DFFI|s_Q          ; iCLK         ; iCLK        ; 0.000        ; 0.040      ; 0.386      ;
; 0.262 ; reg_N:reg_Imm_EX_MEM|dffg:\GEN_REG:5:DFFI|s_Q                    ; MEM_WB:MEMWB_reg|reg_N:reg_Imm|dffg:\GEN_REG:5:DFFI|s_Q          ; iCLK         ; iCLK        ; 0.000        ; 0.041      ; 0.387      ;
; 0.262 ; EX_MEM:EXMEM_reg|reg_N:reg_PCWriteBack|dffg:\GEN_REG:5:DFFI|s_Q  ; MEM_WB:MEMWB_reg|reg_N:reg_PCWriteBack|dffg:\GEN_REG:5:DFFI|s_Q  ; iCLK         ; iCLK        ; 0.000        ; 0.041      ; 0.387      ;
; 0.262 ; reg_N:reg_Imm_EX_MEM|dffg:\GEN_REG:6:DFFI|s_Q                    ; MEM_WB:MEMWB_reg|reg_N:reg_Imm|dffg:\GEN_REG:6:DFFI|s_Q          ; iCLK         ; iCLK        ; 0.000        ; 0.041      ; 0.387      ;
; 0.262 ; EX_MEM:EXMEM_reg|reg_N:reg_Inst|dffg:\GEN_REG:8:DFFI|s_Q         ; MEM_WB:MEMWB_reg|reg_N:reg_Inst|dffg:\GEN_REG:8:DFFI|s_Q         ; iCLK         ; iCLK        ; 0.000        ; 0.043      ; 0.389      ;
; 0.263 ; reg_N:reg_Imm_EX_MEM|dffg:\GEN_REG:11:DFFI|s_Q                   ; MEM_WB:MEMWB_reg|reg_N:reg_Imm|dffg:\GEN_REG:11:DFFI|s_Q         ; iCLK         ; iCLK        ; 0.000        ; 0.041      ; 0.388      ;
; 0.263 ; reg_N:reg_Imm_EX_MEM|dffg:\GEN_REG:3:DFFI|s_Q                    ; MEM_WB:MEMWB_reg|reg_N:reg_Imm|dffg:\GEN_REG:3:DFFI|s_Q          ; iCLK         ; iCLK        ; 0.000        ; 0.040      ; 0.387      ;
; 0.264 ; EX_MEM:EXMEM_reg|reg_N:reg_regWrite|dffg:\GEN_REG:0:DFFI|s_Q     ; MEM_WB:MEMWB_reg|reg_N:reg_regWrite|dffg:\GEN_REG:0:DFFI|s_Q     ; iCLK         ; iCLK        ; 0.000        ; 0.041      ; 0.389      ;
; 0.264 ; reg_N:reg_Imm_EX_MEM|dffg:\GEN_REG:10:DFFI|s_Q                   ; MEM_WB:MEMWB_reg|reg_N:reg_Imm|dffg:\GEN_REG:10:DFFI|s_Q         ; iCLK         ; iCLK        ; 0.000        ; 0.040      ; 0.388      ;
; 0.264 ; reg_N:reg_Imm_EX_MEM|dffg:\GEN_REG:29:DFFI|s_Q                   ; MEM_WB:MEMWB_reg|reg_N:reg_Imm|dffg:\GEN_REG:29:DFFI|s_Q         ; iCLK         ; iCLK        ; 0.000        ; 0.040      ; 0.388      ;
; 0.265 ; EX_MEM:EXMEM_reg|reg_N:reg_PCWriteBack|dffg:\GEN_REG:15:DFFI|s_Q ; MEM_WB:MEMWB_reg|reg_N:reg_PCWriteBack|dffg:\GEN_REG:15:DFFI|s_Q ; iCLK         ; iCLK        ; 0.000        ; 0.041      ; 0.390      ;
; 0.266 ; ID_EX:IDEX_reg|reg_N:reg_PCInc|dffg:\GEN_REG:12:DFFI|s_Q         ; EX_MEM:EXMEM_reg|reg_N:reg_PCWriteBack|dffg:\GEN_REG:12:DFFI|s_Q ; iCLK         ; iCLK        ; 0.000        ; 0.040      ; 0.390      ;
; 0.267 ; IF_ID:IFID_reg|reg_N:reg_PCInc|dffg:\GEN_REG:27:DFFI|s_Q         ; ID_EX:IDEX_reg|reg_N:reg_PCInc|dffg:\GEN_REG:27:DFFI|s_Q         ; iCLK         ; iCLK        ; 0.000        ; 0.042      ; 0.393      ;
; 0.268 ; reg_N:reg_Imm_EX_MEM|dffg:\GEN_REG:30:DFFI|s_Q                   ; MEM_WB:MEMWB_reg|reg_N:reg_Imm|dffg:\GEN_REG:30:DFFI|s_Q         ; iCLK         ; iCLK        ; 0.000        ; 0.041      ; 0.393      ;
; 0.287 ; ID_EX:IDEX_reg|reg_N:reg_PCInc|dffg:\GEN_REG:29:DFFI|s_Q         ; EX_MEM:EXMEM_reg|reg_N:reg_PCWriteBack|dffg:\GEN_REG:29:DFFI|s_Q ; iCLK         ; iCLK        ; 0.000        ; 0.042      ; 0.413      ;
; 0.289 ; ID_EX:IDEX_reg|reg_N:reg_PCInc|dffg:\GEN_REG:18:DFFI|s_Q         ; EX_MEM:EXMEM_reg|reg_N:reg_PCWriteBack|dffg:\GEN_REG:18:DFFI|s_Q ; iCLK         ; iCLK        ; 0.000        ; 0.042      ; 0.415      ;
; 0.290 ; ID_EX:IDEX_reg|reg_N:reg_PCInc|dffg:\GEN_REG:25:DFFI|s_Q         ; EX_MEM:EXMEM_reg|reg_N:reg_PCWriteBack|dffg:\GEN_REG:25:DFFI|s_Q ; iCLK         ; iCLK        ; 0.000        ; 0.041      ; 0.415      ;
; 0.291 ; ID_EX:IDEX_reg|reg_N:reg_PCInc|dffg:\GEN_REG:14:DFFI|s_Q         ; EX_MEM:EXMEM_reg|reg_N:reg_PCWriteBack|dffg:\GEN_REG:14:DFFI|s_Q ; iCLK         ; iCLK        ; 0.000        ; 0.041      ; 0.416      ;
; 0.296 ; IF_ID:IFID_reg|reg_N:reg_PCInc|dffg:\GEN_REG:0:DFFI|s_Q          ; ID_EX:IDEX_reg|reg_N:reg_PCInc|dffg:\GEN_REG:0:DFFI|s_Q          ; iCLK         ; iCLK        ; 0.000        ; 0.042      ; 0.422      ;
; 0.297 ; IF_ID:IFID_reg|reg_N:reg_PC|dffg:\GEN_REG:28:DFFI|s_Q            ; ID_EX:IDEX_reg|reg_N:reg_PC|dffg:\GEN_REG:28:DFFI|s_Q            ; iCLK         ; iCLK        ; 0.000        ; 0.041      ; 0.422      ;
; 0.311 ; IF_ID:IFID_reg|reg_N:reg_PCInc|dffg:\GEN_REG:8:DFFI|s_Q          ; ID_EX:IDEX_reg|reg_N:reg_PCInc|dffg:\GEN_REG:8:DFFI|s_Q          ; iCLK         ; iCLK        ; 0.000        ; 0.050      ; 0.445      ;
; 0.312 ; reg_N:ProgramCounter|dffg:\GEN_REG:25:DFFI|s_Q                   ; IF_ID:IFID_reg|reg_N:reg_PC|dffg:\GEN_REG:25:DFFI|s_Q            ; iCLK         ; iCLK        ; 0.000        ; 0.050      ; 0.446      ;
; 0.314 ; IF_ID:IFID_reg|reg_N:reg_PCInc|dffg:\GEN_REG:13:DFFI|s_Q         ; ID_EX:IDEX_reg|reg_N:reg_PCInc|dffg:\GEN_REG:13:DFFI|s_Q         ; iCLK         ; iCLK        ; 0.000        ; 0.049      ; 0.447      ;
; 0.315 ; IF_ID:IFID_reg|reg_N:reg_PCInc|dffg:\GEN_REG:31:DFFI|s_Q         ; ID_EX:IDEX_reg|reg_N:reg_PCInc|dffg:\GEN_REG:31:DFFI|s_Q         ; iCLK         ; iCLK        ; 0.000        ; 0.043      ; 0.442      ;
; 0.316 ; IF_ID:IFID_reg|reg_N:reg_PCInc|dffg:\GEN_REG:21:DFFI|s_Q         ; ID_EX:IDEX_reg|reg_N:reg_PCInc|dffg:\GEN_REG:21:DFFI|s_Q         ; iCLK         ; iCLK        ; 0.000        ; 0.042      ; 0.442      ;
; 0.316 ; IF_ID:IFID_reg|reg_N:reg_PC|dffg:\GEN_REG:31:DFFI|s_Q            ; ID_EX:IDEX_reg|reg_N:reg_PC|dffg:\GEN_REG:31:DFFI|s_Q            ; iCLK         ; iCLK        ; 0.000        ; 0.042      ; 0.442      ;
; 0.316 ; ID_EX:IDEX_reg|reg_N:reg_PCInc|dffg:\GEN_REG:20:DFFI|s_Q         ; EX_MEM:EXMEM_reg|reg_N:reg_PCWriteBack|dffg:\GEN_REG:20:DFFI|s_Q ; iCLK         ; iCLK        ; 0.000        ; 0.042      ; 0.442      ;
; 0.318 ; ID_EX:IDEX_reg|reg_N:reg_Imm|dffg:\GEN_REG:0:DFFI|s_Q            ; EX_MEM:EXMEM_reg|reg_N:reg_PCWriteBack|dffg:\GEN_REG:0:DFFI|s_Q  ; iCLK         ; iCLK        ; 0.000        ; 0.042      ; 0.444      ;
; 0.319 ; IF_ID:IFID_reg|reg_N:reg_PC|dffg:\GEN_REG:8:DFFI|s_Q             ; ID_EX:IDEX_reg|reg_N:reg_PC|dffg:\GEN_REG:8:DFFI|s_Q             ; iCLK         ; iCLK        ; 0.000        ; 0.042      ; 0.445      ;
; 0.321 ; IF_ID:IFID_reg|reg_N:reg_PCInc|dffg:\GEN_REG:10:DFFI|s_Q         ; ID_EX:IDEX_reg|reg_N:reg_PCInc|dffg:\GEN_REG:10:DFFI|s_Q         ; iCLK         ; iCLK        ; 0.000        ; 0.041      ; 0.446      ;
; 0.321 ; ID_EX:IDEX_reg|reg_N:reg_PCInc|dffg:\GEN_REG:0:DFFI|s_Q          ; EX_MEM:EXMEM_reg|reg_N:reg_PCWriteBack|dffg:\GEN_REG:0:DFFI|s_Q  ; iCLK         ; iCLK        ; 0.000        ; 0.042      ; 0.447      ;
; 0.322 ; ID_EX:IDEX_reg|reg_N:reg_PCInc|dffg:\GEN_REG:28:DFFI|s_Q         ; EX_MEM:EXMEM_reg|reg_N:reg_PCWriteBack|dffg:\GEN_REG:28:DFFI|s_Q ; iCLK         ; iCLK        ; 0.000        ; 0.041      ; 0.447      ;
; 0.322 ; ID_EX:IDEX_reg|reg_N:reg_PCInc|dffg:\GEN_REG:1:DFFI|s_Q          ; EX_MEM:EXMEM_reg|reg_N:reg_PCWriteBack|dffg:\GEN_REG:1:DFFI|s_Q  ; iCLK         ; iCLK        ; 0.000        ; 0.042      ; 0.448      ;
; 0.330 ; ID_EX:IDEX_reg|reg_N:reg_jalr|dffg:\GEN_REG:0:DFFI|s_Q           ; reg_N:ProgramCounter|dffg:\GEN_REG:0:DFFI|s_Q                    ; iCLK         ; iCLK        ; 0.000        ; 0.042      ; 0.456      ;
; 0.331 ; EX_MEM:EXMEM_reg|reg_N:reg_PCWriteBack|dffg:\GEN_REG:21:DFFI|s_Q ; MEM_WB:MEMWB_reg|reg_N:reg_PCWriteBack|dffg:\GEN_REG:21:DFFI|s_Q ; iCLK         ; iCLK        ; 0.000        ; 0.042      ; 0.457      ;
; 0.333 ; reg_N:ProgramCounter|dffg:\GEN_REG:10:DFFI|s_Q                   ; IF_ID:IFID_reg|reg_N:reg_PC|dffg:\GEN_REG:10:DFFI|s_Q            ; iCLK         ; iCLK        ; 0.000        ; 0.050      ; 0.467      ;
; 0.335 ; reg_N:ProgramCounter|dffg:\GEN_REG:21:DFFI|s_Q                   ; IF_ID:IFID_reg|reg_N:reg_PCInc|dffg:\GEN_REG:22:DFFI|s_Q         ; iCLK         ; iCLK        ; 0.000        ; 0.051      ; 0.470      ;
; 0.336 ; reg_N:ProgramCounter|dffg:\GEN_REG:4:DFFI|s_Q                    ; IF_ID:IFID_reg|reg_N:reg_PCInc|dffg:\GEN_REG:4:DFFI|s_Q          ; iCLK         ; iCLK        ; 0.000        ; 0.049      ; 0.469      ;
; 0.338 ; reg_N:ProgramCounter|dffg:\GEN_REG:6:DFFI|s_Q                    ; IF_ID:IFID_reg|reg_N:reg_PC|dffg:\GEN_REG:6:DFFI|s_Q             ; iCLK         ; iCLK        ; 0.000        ; 0.049      ; 0.471      ;
; 0.340 ; ID_EX:IDEX_reg|reg_N:reg_RS2Data|dffg:\GEN_REG:30:DFFI|s_Q       ; EX_MEM:EXMEM_reg|reg_N:reg_RS2Data|dffg:\GEN_REG:30:DFFI|s_Q     ; iCLK         ; iCLK        ; 0.000        ; 0.043      ; 0.467      ;
; 0.340 ; reg_N:ProgramCounter|dffg:\GEN_REG:9:DFFI|s_Q                    ; IF_ID:IFID_reg|reg_N:reg_PCInc|dffg:\GEN_REG:9:DFFI|s_Q          ; iCLK         ; iCLK        ; 0.000        ; 0.050      ; 0.474      ;
; 0.342 ; reg_N:ProgramCounter|dffg:\GEN_REG:20:DFFI|s_Q                   ; IF_ID:IFID_reg|reg_N:reg_PCInc|dffg:\GEN_REG:20:DFFI|s_Q         ; iCLK         ; iCLK        ; 0.000        ; 0.051      ; 0.477      ;
; 0.345 ; EX_MEM:EXMEM_reg|reg_N:reg_PCWriteBack|dffg:\GEN_REG:13:DFFI|s_Q ; MEM_WB:MEMWB_reg|reg_N:reg_PCWriteBack|dffg:\GEN_REG:13:DFFI|s_Q ; iCLK         ; iCLK        ; 0.000        ; 0.041      ; 0.470      ;
; 0.350 ; reg_N:ProgramCounter|dffg:\GEN_REG:17:DFFI|s_Q                   ; IF_ID:IFID_reg|reg_N:reg_PCInc|dffg:\GEN_REG:17:DFFI|s_Q         ; iCLK         ; iCLK        ; 0.000        ; 0.050      ; 0.484      ;
; 0.350 ; reg_N:reg_Imm_EX_MEM|dffg:\GEN_REG:18:DFFI|s_Q                   ; MEM_WB:MEMWB_reg|reg_N:reg_Imm|dffg:\GEN_REG:18:DFFI|s_Q         ; iCLK         ; iCLK        ; 0.000        ; 0.041      ; 0.475      ;
; 0.356 ; ID_EX:IDEX_reg|reg_N:reg_PCInc|dffg:\GEN_REG:31:DFFI|s_Q         ; EX_MEM:EXMEM_reg|reg_N:reg_PCWriteBack|dffg:\GEN_REG:31:DFFI|s_Q ; iCLK         ; iCLK        ; 0.000        ; 0.041      ; 0.481      ;
; 0.360 ; IF_ID:IFID_reg|reg_N:reg_PCInc|dffg:\GEN_REG:26:DFFI|s_Q         ; ID_EX:IDEX_reg|reg_N:reg_PCInc|dffg:\GEN_REG:26:DFFI|s_Q         ; iCLK         ; iCLK        ; 0.000        ; 0.050      ; 0.494      ;
; 0.360 ; reg_N:ProgramCounter|dffg:\GEN_REG:27:DFFI|s_Q                   ; reg_N:ProgramCounter|dffg:\GEN_REG:28:DFFI|s_Q                   ; iCLK         ; iCLK        ; 0.000        ; 0.050      ; 0.494      ;
; 0.363 ; ID_EX:IDEX_reg|reg_N:reg_Imm|dffg:\GEN_REG:31:DFFI|s_Q           ; reg_N:reg_Imm_EX_MEM|dffg:\GEN_REG:31:DFFI|s_Q                   ; iCLK         ; iCLK        ; 0.000        ; 0.038      ; 0.485      ;
; 0.366 ; EX_MEM:EXMEM_reg|reg_N:reg_ALUOut|dffg:\GEN_REG:1:DFFI|s_Q       ; MEM_WB:MEMWB_reg|reg_N:reg_ALUOut|dffg:\GEN_REG:1:DFFI|s_Q       ; iCLK         ; iCLK        ; 0.000        ; 0.041      ; 0.491      ;
; 0.368 ; reg_N:ProgramCounter|dffg:\GEN_REG:3:DFFI|s_Q                    ; reg_N:ProgramCounter|dffg:\GEN_REG:5:DFFI|s_Q                    ; iCLK         ; iCLK        ; 0.000        ; 0.049      ; 0.501      ;
; 0.369 ; ID_EX:IDEX_reg|reg_N:reg_PCInc|dffg:\GEN_REG:30:DFFI|s_Q         ; EX_MEM:EXMEM_reg|reg_N:reg_PCWriteBack|dffg:\GEN_REG:30:DFFI|s_Q ; iCLK         ; iCLK        ; 0.000        ; 0.041      ; 0.494      ;
; 0.377 ; ID_EX:IDEX_reg|reg_N:reg_PCInc|dffg:\GEN_REG:21:DFFI|s_Q         ; EX_MEM:EXMEM_reg|reg_N:reg_PCWriteBack|dffg:\GEN_REG:21:DFFI|s_Q ; iCLK         ; iCLK        ; 0.000        ; 0.042      ; 0.503      ;
; 0.378 ; ID_EX:IDEX_reg|reg_N:reg_PCInc|dffg:\GEN_REG:22:DFFI|s_Q         ; EX_MEM:EXMEM_reg|reg_N:reg_PCWriteBack|dffg:\GEN_REG:22:DFFI|s_Q ; iCLK         ; iCLK        ; 0.000        ; 0.043      ; 0.505      ;
; 0.379 ; IF_ID:IFID_reg|reg_N:reg_PCInc|dffg:\GEN_REG:1:DFFI|s_Q          ; ID_EX:IDEX_reg|reg_N:reg_PCInc|dffg:\GEN_REG:1:DFFI|s_Q          ; iCLK         ; iCLK        ; 0.000        ; 0.042      ; 0.505      ;
; 0.384 ; ID_EX:IDEX_reg|reg_N:reg_PCInc|dffg:\GEN_REG:17:DFFI|s_Q         ; EX_MEM:EXMEM_reg|reg_N:reg_PCWriteBack|dffg:\GEN_REG:17:DFFI|s_Q ; iCLK         ; iCLK        ; 0.000        ; -0.154     ; 0.314      ;
; 0.384 ; reg_N:reg_Imm_EX_MEM|dffg:\GEN_REG:14:DFFI|s_Q                   ; MEM_WB:MEMWB_reg|reg_N:reg_Imm|dffg:\GEN_REG:14:DFFI|s_Q         ; iCLK         ; iCLK        ; 0.000        ; -0.154     ; 0.314      ;
; 0.386 ; ID_EX:IDEX_reg|reg_N:reg_PCInc|dffg:\GEN_REG:13:DFFI|s_Q         ; EX_MEM:EXMEM_reg|reg_N:reg_PCWriteBack|dffg:\GEN_REG:13:DFFI|s_Q ; iCLK         ; iCLK        ; 0.000        ; -0.154     ; 0.316      ;
; 0.386 ; ID_EX:IDEX_reg|reg_N:reg_PCInc|dffg:\GEN_REG:6:DFFI|s_Q          ; EX_MEM:EXMEM_reg|reg_N:reg_PCWriteBack|dffg:\GEN_REG:6:DFFI|s_Q  ; iCLK         ; iCLK        ; 0.000        ; -0.154     ; 0.316      ;
; 0.388 ; IF_ID:IFID_reg|reg_N:reg_PC|dffg:\GEN_REG:17:DFFI|s_Q            ; ID_EX:IDEX_reg|reg_N:reg_PC|dffg:\GEN_REG:17:DFFI|s_Q            ; iCLK         ; iCLK        ; 0.000        ; 0.042      ; 0.514      ;
; 0.388 ; reg_N:ProgramCounter|dffg:\GEN_REG:29:DFFI|s_Q                   ; IF_ID:IFID_reg|reg_N:reg_PC|dffg:\GEN_REG:29:DFFI|s_Q            ; iCLK         ; iCLK        ; 0.000        ; 0.051      ; 0.523      ;
; 0.388 ; IF_ID:IFID_reg|reg_N:reg_PCInc|dffg:\GEN_REG:16:DFFI|s_Q         ; ID_EX:IDEX_reg|reg_N:reg_PCInc|dffg:\GEN_REG:16:DFFI|s_Q         ; iCLK         ; iCLK        ; 0.000        ; 0.041      ; 0.513      ;
; 0.388 ; IF_ID:IFID_reg|reg_N:reg_PCInc|dffg:\GEN_REG:11:DFFI|s_Q         ; ID_EX:IDEX_reg|reg_N:reg_PCInc|dffg:\GEN_REG:11:DFFI|s_Q         ; iCLK         ; iCLK        ; 0.000        ; 0.042      ; 0.514      ;
; 0.389 ; IF_ID:IFID_reg|reg_N:reg_PCInc|dffg:\GEN_REG:12:DFFI|s_Q         ; ID_EX:IDEX_reg|reg_N:reg_PCInc|dffg:\GEN_REG:12:DFFI|s_Q         ; iCLK         ; iCLK        ; 0.000        ; 0.042      ; 0.515      ;
; 0.390 ; IF_ID:IFID_reg|reg_N:reg_PCInc|dffg:\GEN_REG:17:DFFI|s_Q         ; ID_EX:IDEX_reg|reg_N:reg_PCInc|dffg:\GEN_REG:17:DFFI|s_Q         ; iCLK         ; iCLK        ; 0.000        ; 0.040      ; 0.514      ;
; 0.392 ; reg_N:ProgramCounter|dffg:\GEN_REG:30:DFFI|s_Q                   ; IF_ID:IFID_reg|reg_N:reg_PC|dffg:\GEN_REG:30:DFFI|s_Q            ; iCLK         ; iCLK        ; 0.000        ; 0.051      ; 0.527      ;
; 0.394 ; reg_N:ProgramCounter|dffg:\GEN_REG:24:DFFI|s_Q                   ; IF_ID:IFID_reg|reg_N:reg_PCInc|dffg:\GEN_REG:24:DFFI|s_Q         ; iCLK         ; iCLK        ; 0.000        ; 0.050      ; 0.528      ;
; 0.394 ; IF_ID:IFID_reg|reg_N:reg_PCInc|dffg:\GEN_REG:15:DFFI|s_Q         ; ID_EX:IDEX_reg|reg_N:reg_PCInc|dffg:\GEN_REG:15:DFFI|s_Q         ; iCLK         ; iCLK        ; 0.000        ; 0.049      ; 0.527      ;
; 0.394 ; IF_ID:IFID_reg|reg_N:reg_PCInc|dffg:\GEN_REG:29:DFFI|s_Q         ; ID_EX:IDEX_reg|reg_N:reg_PCInc|dffg:\GEN_REG:29:DFFI|s_Q         ; iCLK         ; iCLK        ; 0.000        ; -0.164     ; 0.314      ;
; 0.394 ; ID_EX:IDEX_reg|reg_N:reg_PCInc|dffg:\GEN_REG:4:DFFI|s_Q          ; EX_MEM:EXMEM_reg|reg_N:reg_PCWriteBack|dffg:\GEN_REG:4:DFFI|s_Q  ; iCLK         ; iCLK        ; 0.000        ; -0.164     ; 0.314      ;
; 0.394 ; ID_EX:IDEX_reg|reg_N:reg_PCInc|dffg:\GEN_REG:3:DFFI|s_Q          ; EX_MEM:EXMEM_reg|reg_N:reg_PCWriteBack|dffg:\GEN_REG:3:DFFI|s_Q  ; iCLK         ; iCLK        ; 0.000        ; -0.164     ; 0.314      ;
; 0.396 ; ID_EX:IDEX_reg|reg_N:reg_PCInc|dffg:\GEN_REG:0:DFFI|s_Q          ; reg_N:ProgramCounter|dffg:\GEN_REG:0:DFFI|s_Q                    ; iCLK         ; iCLK        ; 0.000        ; 0.042      ; 0.522      ;
; 0.398 ; IF_ID:IFID_reg|reg_N:reg_PC|dffg:\GEN_REG:3:DFFI|s_Q             ; ID_EX:IDEX_reg|reg_N:reg_PC|dffg:\GEN_REG:3:DFFI|s_Q             ; iCLK         ; iCLK        ; 0.000        ; 0.042      ; 0.524      ;
; 0.398 ; ID_EX:IDEX_reg|reg_N:reg_PC|dffg:\GEN_REG:22:DFFI|s_Q            ; reg_N:ProgramCounter|dffg:\GEN_REG:22:DFFI|s_Q                   ; iCLK         ; iCLK        ; 0.000        ; 0.256      ; 0.738      ;
; 0.400 ; reg_N:ProgramCounter|dffg:\GEN_REG:1:DFFI|s_Q                    ; IF_ID:IFID_reg|reg_N:reg_PCInc|dffg:\GEN_REG:1:DFFI|s_Q          ; iCLK         ; iCLK        ; 0.000        ; 0.043      ; 0.527      ;
+-------+------------------------------------------------------------------+------------------------------------------------------------------+--------------+-------------+--------------+------------+------------+


----------------------------------------------
; Fast 1200mV 0C Model Metastability Summary ;
----------------------------------------------
No synchronizer chains to report.


+-------------------------------------------------------------------------------+
; Multicorner Timing Analysis Summary                                           ;
+------------------+---------+-------+----------+---------+---------------------+
; Clock            ; Setup   ; Hold  ; Recovery ; Removal ; Minimum Pulse Width ;
+------------------+---------+-------+----------+---------+---------------------+
; Worst-case Slack ; -0.814  ; 0.172 ; N/A      ; N/A     ; 9.407               ;
;  iCLK            ; -0.814  ; 0.172 ; N/A      ; N/A     ; 9.407               ;
; Design-wide TNS  ; -13.122 ; 0.0   ; 0.0      ; 0.0     ; 0.0                 ;
;  iCLK            ; -13.122 ; 0.000 ; N/A      ; N/A     ; 0.000               ;
+------------------+---------+-------+----------+---------+---------------------+


+------------------------------------------------------------------------------------------------------------------------------------------------------------------------------------------------------------------------------------------------------------------------------------------------------------------------------------------------------------------------------------------------------------------+
; Board Trace Model Assignments                                                                                                                                                                                                                                                                                                                                                                                    ;
+---------------+--------------+-------------------+-------------------------+-------------------------+---------------+---------------------+----------------+------------------+--------+------------------+------------------------+------------------------+--------------+---------------+-----------------+-------+---------------------+--------------------+---------------+-----------------+-------------+
; Pin           ; I/O Standard ; Near Tline Length ; Near Tline L per Length ; Near Tline C per Length ; Near Series R ; Near Differential R ; Near Pull-up R ; Near Pull-down R ; Near C ; Far Tline Length ; Far Tline L per Length ; Far Tline C per Length ; Far Series R ; Far Pull-up R ; Far Pull-down R ; Far C ; Termination Voltage ; Far Differential R ; EBD File Name ; EBD Signal Name ; EBD Far-end ;
+---------------+--------------+-------------------+-------------------------+-------------------------+---------------+---------------------+----------------+------------------+--------+------------------+------------------------+------------------------+--------------+---------------+-----------------+-------+---------------------+--------------------+---------------+-----------------+-------------+
; oALUOut[0]    ; 2.5 V        ; 0 in              ; 0 H/in                  ; 0 F/in                  ; short         ; -                   ; open           ; open             ; open   ; 0 in             ; 0 H/in                 ; 0 F/in                 ; short        ; open          ; open            ; open  ; 0 V                 ; -                  ; n/a           ; n/a             ; n/a         ;
; oALUOut[1]    ; 2.5 V        ; 0 in              ; 0 H/in                  ; 0 F/in                  ; short         ; -                   ; open           ; open             ; open   ; 0 in             ; 0 H/in                 ; 0 F/in                 ; short        ; open          ; open            ; open  ; 0 V                 ; -                  ; n/a           ; n/a             ; n/a         ;
; oALUOut[2]    ; 2.5 V        ; 0 in              ; 0 H/in                  ; 0 F/in                  ; short         ; -                   ; open           ; open             ; open   ; 0 in             ; 0 H/in                 ; 0 F/in                 ; short        ; open          ; open            ; open  ; 0 V                 ; -                  ; n/a           ; n/a             ; n/a         ;
; oALUOut[3]    ; 2.5 V        ; 0 in              ; 0 H/in                  ; 0 F/in                  ; short         ; -                   ; open           ; open             ; open   ; 0 in             ; 0 H/in                 ; 0 F/in                 ; short        ; open          ; open            ; open  ; 0 V                 ; -                  ; n/a           ; n/a             ; n/a         ;
; oALUOut[4]    ; 2.5 V        ; 0 in              ; 0 H/in                  ; 0 F/in                  ; short         ; -                   ; open           ; open             ; open   ; 0 in             ; 0 H/in                 ; 0 F/in                 ; short        ; open          ; open            ; open  ; 0 V                 ; -                  ; n/a           ; n/a             ; n/a         ;
; oALUOut[5]    ; 2.5 V        ; 0 in              ; 0 H/in                  ; 0 F/in                  ; short         ; -                   ; open           ; open             ; open   ; 0 in             ; 0 H/in                 ; 0 F/in                 ; short        ; open          ; open            ; open  ; 0 V                 ; -                  ; n/a           ; n/a             ; n/a         ;
; oALUOut[6]    ; 2.5 V        ; 0 in              ; 0 H/in                  ; 0 F/in                  ; short         ; -                   ; open           ; open             ; open   ; 0 in             ; 0 H/in                 ; 0 F/in                 ; short        ; open          ; open            ; open  ; 0 V                 ; -                  ; n/a           ; n/a             ; n/a         ;
; oALUOut[7]    ; 2.5 V        ; 0 in              ; 0 H/in                  ; 0 F/in                  ; short         ; -                   ; open           ; open             ; open   ; 0 in             ; 0 H/in                 ; 0 F/in                 ; short        ; open          ; open            ; open  ; 0 V                 ; -                  ; n/a           ; n/a             ; n/a         ;
; oALUOut[8]    ; 2.5 V        ; 0 in              ; 0 H/in                  ; 0 F/in                  ; short         ; -                   ; open           ; open             ; open   ; 0 in             ; 0 H/in                 ; 0 F/in                 ; short        ; open          ; open            ; open  ; 0 V                 ; -                  ; n/a           ; n/a             ; n/a         ;
; oALUOut[9]    ; 2.5 V        ; 0 in              ; 0 H/in                  ; 0 F/in                  ; short         ; -                   ; open           ; open             ; open   ; 0 in             ; 0 H/in                 ; 0 F/in                 ; short        ; open          ; open            ; open  ; 0 V                 ; -                  ; n/a           ; n/a             ; n/a         ;
; oALUOut[10]   ; 2.5 V        ; 0 in              ; 0 H/in                  ; 0 F/in                  ; short         ; -                   ; open           ; open             ; open   ; 0 in             ; 0 H/in                 ; 0 F/in                 ; short        ; open          ; open            ; open  ; 0 V                 ; -                  ; n/a           ; n/a             ; n/a         ;
; oALUOut[11]   ; 2.5 V        ; 0 in              ; 0 H/in                  ; 0 F/in                  ; short         ; -                   ; open           ; open             ; open   ; 0 in             ; 0 H/in                 ; 0 F/in                 ; short        ; open          ; open            ; open  ; 0 V                 ; -                  ; n/a           ; n/a             ; n/a         ;
; oALUOut[12]   ; 2.5 V        ; 0 in              ; 0 H/in                  ; 0 F/in                  ; short         ; -                   ; open           ; open             ; open   ; 0 in             ; 0 H/in                 ; 0 F/in                 ; short        ; open          ; open            ; open  ; 0 V                 ; -                  ; n/a           ; n/a             ; n/a         ;
; oALUOut[13]   ; 2.5 V        ; 0 in              ; 0 H/in                  ; 0 F/in                  ; short         ; -                   ; open           ; open             ; open   ; 0 in             ; 0 H/in                 ; 0 F/in                 ; short        ; open          ; open            ; open  ; 0 V                 ; -                  ; n/a           ; n/a             ; n/a         ;
; oALUOut[14]   ; 2.5 V        ; 0 in              ; 0 H/in                  ; 0 F/in                  ; short         ; -                   ; open           ; open             ; open   ; 0 in             ; 0 H/in                 ; 0 F/in                 ; short        ; open          ; open            ; open  ; 0 V                 ; -                  ; n/a           ; n/a             ; n/a         ;
; oALUOut[15]   ; 2.5 V        ; 0 in              ; 0 H/in                  ; 0 F/in                  ; short         ; -                   ; open           ; open             ; open   ; 0 in             ; 0 H/in                 ; 0 F/in                 ; short        ; open          ; open            ; open  ; 0 V                 ; -                  ; n/a           ; n/a             ; n/a         ;
; oALUOut[16]   ; 2.5 V        ; 0 in              ; 0 H/in                  ; 0 F/in                  ; short         ; -                   ; open           ; open             ; open   ; 0 in             ; 0 H/in                 ; 0 F/in                 ; short        ; open          ; open            ; open  ; 0 V                 ; -                  ; n/a           ; n/a             ; n/a         ;
; oALUOut[17]   ; 2.5 V        ; 0 in              ; 0 H/in                  ; 0 F/in                  ; short         ; -                   ; open           ; open             ; open   ; 0 in             ; 0 H/in                 ; 0 F/in                 ; short        ; open          ; open            ; open  ; 0 V                 ; -                  ; n/a           ; n/a             ; n/a         ;
; oALUOut[18]   ; 2.5 V        ; 0 in              ; 0 H/in                  ; 0 F/in                  ; short         ; -                   ; open           ; open             ; open   ; 0 in             ; 0 H/in                 ; 0 F/in                 ; short        ; open          ; open            ; open  ; 0 V                 ; -                  ; n/a           ; n/a             ; n/a         ;
; oALUOut[19]   ; 2.5 V        ; 0 in              ; 0 H/in                  ; 0 F/in                  ; short         ; -                   ; open           ; open             ; open   ; 0 in             ; 0 H/in                 ; 0 F/in                 ; short        ; open          ; open            ; open  ; 0 V                 ; -                  ; n/a           ; n/a             ; n/a         ;
; oALUOut[20]   ; 2.5 V        ; 0 in              ; 0 H/in                  ; 0 F/in                  ; short         ; -                   ; open           ; open             ; open   ; 0 in             ; 0 H/in                 ; 0 F/in                 ; short        ; open          ; open            ; open  ; 0 V                 ; -                  ; n/a           ; n/a             ; n/a         ;
; oALUOut[21]   ; 2.5 V        ; 0 in              ; 0 H/in                  ; 0 F/in                  ; short         ; -                   ; open           ; open             ; open   ; 0 in             ; 0 H/in                 ; 0 F/in                 ; short        ; open          ; open            ; open  ; 0 V                 ; -                  ; n/a           ; n/a             ; n/a         ;
; oALUOut[22]   ; 2.5 V        ; 0 in              ; 0 H/in                  ; 0 F/in                  ; short         ; -                   ; open           ; open             ; open   ; 0 in             ; 0 H/in                 ; 0 F/in                 ; short        ; open          ; open            ; open  ; 0 V                 ; -                  ; n/a           ; n/a             ; n/a         ;
; oALUOut[23]   ; 2.5 V        ; 0 in              ; 0 H/in                  ; 0 F/in                  ; short         ; -                   ; open           ; open             ; open   ; 0 in             ; 0 H/in                 ; 0 F/in                 ; short        ; open          ; open            ; open  ; 0 V                 ; -                  ; n/a           ; n/a             ; n/a         ;
; oALUOut[24]   ; 2.5 V        ; 0 in              ; 0 H/in                  ; 0 F/in                  ; short         ; -                   ; open           ; open             ; open   ; 0 in             ; 0 H/in                 ; 0 F/in                 ; short        ; open          ; open            ; open  ; 0 V                 ; -                  ; n/a           ; n/a             ; n/a         ;
; oALUOut[25]   ; 2.5 V        ; 0 in              ; 0 H/in                  ; 0 F/in                  ; short         ; -                   ; open           ; open             ; open   ; 0 in             ; 0 H/in                 ; 0 F/in                 ; short        ; open          ; open            ; open  ; 0 V                 ; -                  ; n/a           ; n/a             ; n/a         ;
; oALUOut[26]   ; 2.5 V        ; 0 in              ; 0 H/in                  ; 0 F/in                  ; short         ; -                   ; open           ; open             ; open   ; 0 in             ; 0 H/in                 ; 0 F/in                 ; short        ; open          ; open            ; open  ; 0 V                 ; -                  ; n/a           ; n/a             ; n/a         ;
; oALUOut[27]   ; 2.5 V        ; 0 in              ; 0 H/in                  ; 0 F/in                  ; short         ; -                   ; open           ; open             ; open   ; 0 in             ; 0 H/in                 ; 0 F/in                 ; short        ; open          ; open            ; open  ; 0 V                 ; -                  ; n/a           ; n/a             ; n/a         ;
; oALUOut[28]   ; 2.5 V        ; 0 in              ; 0 H/in                  ; 0 F/in                  ; short         ; -                   ; open           ; open             ; open   ; 0 in             ; 0 H/in                 ; 0 F/in                 ; short        ; open          ; open            ; open  ; 0 V                 ; -                  ; n/a           ; n/a             ; n/a         ;
; oALUOut[29]   ; 2.5 V        ; 0 in              ; 0 H/in                  ; 0 F/in                  ; short         ; -                   ; open           ; open             ; open   ; 0 in             ; 0 H/in                 ; 0 F/in                 ; short        ; open          ; open            ; open  ; 0 V                 ; -                  ; n/a           ; n/a             ; n/a         ;
; oALUOut[30]   ; 2.5 V        ; 0 in              ; 0 H/in                  ; 0 F/in                  ; short         ; -                   ; open           ; open             ; open   ; 0 in             ; 0 H/in                 ; 0 F/in                 ; short        ; open          ; open            ; open  ; 0 V                 ; -                  ; n/a           ; n/a             ; n/a         ;
; oALUOut[31]   ; 2.5 V        ; 0 in              ; 0 H/in                  ; 0 F/in                  ; short         ; -                   ; open           ; open             ; open   ; 0 in             ; 0 H/in                 ; 0 F/in                 ; short        ; open          ; open            ; open  ; 0 V                 ; -                  ; n/a           ; n/a             ; n/a         ;
; ~ALTERA_DCLK~ ; 2.5 V        ; 0 in              ; 0 H/in                  ; 0 F/in                  ; short         ; -                   ; open           ; open             ; open   ; 0 in             ; 0 H/in                 ; 0 F/in                 ; short        ; open          ; open            ; open  ; 0 V                 ; -                  ; n/a           ; n/a             ; n/a         ;
; ~ALTERA_nCEO~ ; 2.5 V        ; 0 in              ; 0 H/in                  ; 0 F/in                  ; short         ; -                   ; open           ; open             ; open   ; 0 in             ; 0 H/in                 ; 0 F/in                 ; short        ; open          ; open            ; open  ; 0 V                 ; -                  ; n/a           ; n/a             ; n/a         ;
+---------------+--------------+-------------------+-------------------------+-------------------------+---------------+---------------------+----------------+------------------+--------+------------------+------------------------+------------------------+--------------+---------------+-----------------+-------+---------------------+--------------------+---------------+-----------------+-------------+


+----------------------------------------------------------------------------+
; Input Transition Times                                                     ;
+-------------------------+--------------+-----------------+-----------------+
; Pin                     ; I/O Standard ; 10-90 Rise Time ; 90-10 Fall Time ;
+-------------------------+--------------+-----------------+-----------------+
; iInstAddr[0]            ; 2.5 V        ; 2000 ps         ; 2000 ps         ;
; iInstAddr[1]            ; 2.5 V        ; 2000 ps         ; 2000 ps         ;
; iInstAddr[12]           ; 2.5 V        ; 2000 ps         ; 2000 ps         ;
; iInstAddr[13]           ; 2.5 V        ; 2000 ps         ; 2000 ps         ;
; iInstAddr[14]           ; 2.5 V        ; 2000 ps         ; 2000 ps         ;
; iInstAddr[15]           ; 2.5 V        ; 2000 ps         ; 2000 ps         ;
; iInstAddr[16]           ; 2.5 V        ; 2000 ps         ; 2000 ps         ;
; iInstAddr[17]           ; 2.5 V        ; 2000 ps         ; 2000 ps         ;
; iInstAddr[18]           ; 2.5 V        ; 2000 ps         ; 2000 ps         ;
; iInstAddr[19]           ; 2.5 V        ; 2000 ps         ; 2000 ps         ;
; iInstAddr[20]           ; 2.5 V        ; 2000 ps         ; 2000 ps         ;
; iInstAddr[21]           ; 2.5 V        ; 2000 ps         ; 2000 ps         ;
; iInstAddr[22]           ; 2.5 V        ; 2000 ps         ; 2000 ps         ;
; iInstAddr[23]           ; 2.5 V        ; 2000 ps         ; 2000 ps         ;
; iInstAddr[24]           ; 2.5 V        ; 2000 ps         ; 2000 ps         ;
; iInstAddr[25]           ; 2.5 V        ; 2000 ps         ; 2000 ps         ;
; iInstAddr[26]           ; 2.5 V        ; 2000 ps         ; 2000 ps         ;
; iInstAddr[27]           ; 2.5 V        ; 2000 ps         ; 2000 ps         ;
; iInstAddr[28]           ; 2.5 V        ; 2000 ps         ; 2000 ps         ;
; iInstAddr[29]           ; 2.5 V        ; 2000 ps         ; 2000 ps         ;
; iInstAddr[30]           ; 2.5 V        ; 2000 ps         ; 2000 ps         ;
; iInstAddr[31]           ; 2.5 V        ; 2000 ps         ; 2000 ps         ;
; iCLK                    ; 2.5 V        ; 2000 ps         ; 2000 ps         ;
; iRST                    ; 2.5 V        ; 2000 ps         ; 2000 ps         ;
; iInstAddr[7]            ; 2.5 V        ; 2000 ps         ; 2000 ps         ;
; iInstLd                 ; 2.5 V        ; 2000 ps         ; 2000 ps         ;
; iInstAddr[6]            ; 2.5 V        ; 2000 ps         ; 2000 ps         ;
; iInstAddr[2]            ; 2.5 V        ; 2000 ps         ; 2000 ps         ;
; iInstAddr[3]            ; 2.5 V        ; 2000 ps         ; 2000 ps         ;
; iInstAddr[9]            ; 2.5 V        ; 2000 ps         ; 2000 ps         ;
; iInstAddr[8]            ; 2.5 V        ; 2000 ps         ; 2000 ps         ;
; iInstAddr[5]            ; 2.5 V        ; 2000 ps         ; 2000 ps         ;
; iInstAddr[4]            ; 2.5 V        ; 2000 ps         ; 2000 ps         ;
; iInstAddr[11]           ; 2.5 V        ; 2000 ps         ; 2000 ps         ;
; iInstAddr[10]           ; 2.5 V        ; 2000 ps         ; 2000 ps         ;
; iInstExt[0]             ; 2.5 V        ; 2000 ps         ; 2000 ps         ;
; iInstExt[1]             ; 2.5 V        ; 2000 ps         ; 2000 ps         ;
; iInstExt[2]             ; 2.5 V        ; 2000 ps         ; 2000 ps         ;
; iInstExt[3]             ; 2.5 V        ; 2000 ps         ; 2000 ps         ;
; iInstExt[13]            ; 2.5 V        ; 2000 ps         ; 2000 ps         ;
; iInstExt[4]             ; 2.5 V        ; 2000 ps         ; 2000 ps         ;
; iInstExt[6]             ; 2.5 V        ; 2000 ps         ; 2000 ps         ;
; iInstExt[14]            ; 2.5 V        ; 2000 ps         ; 2000 ps         ;
; iInstExt[12]            ; 2.5 V        ; 2000 ps         ; 2000 ps         ;
; iInstExt[25]            ; 2.5 V        ; 2000 ps         ; 2000 ps         ;
; iInstExt[26]            ; 2.5 V        ; 2000 ps         ; 2000 ps         ;
; iInstExt[27]            ; 2.5 V        ; 2000 ps         ; 2000 ps         ;
; iInstExt[28]            ; 2.5 V        ; 2000 ps         ; 2000 ps         ;
; iInstExt[30]            ; 2.5 V        ; 2000 ps         ; 2000 ps         ;
; iInstExt[29]            ; 2.5 V        ; 2000 ps         ; 2000 ps         ;
; iInstExt[31]            ; 2.5 V        ; 2000 ps         ; 2000 ps         ;
; iInstExt[5]             ; 2.5 V        ; 2000 ps         ; 2000 ps         ;
; iInstExt[20]            ; 2.5 V        ; 2000 ps         ; 2000 ps         ;
; iInstExt[21]            ; 2.5 V        ; 2000 ps         ; 2000 ps         ;
; iInstExt[23]            ; 2.5 V        ; 2000 ps         ; 2000 ps         ;
; iInstExt[24]            ; 2.5 V        ; 2000 ps         ; 2000 ps         ;
; iInstExt[22]            ; 2.5 V        ; 2000 ps         ; 2000 ps         ;
; iInstExt[19]            ; 2.5 V        ; 2000 ps         ; 2000 ps         ;
; iInstExt[18]            ; 2.5 V        ; 2000 ps         ; 2000 ps         ;
; iInstExt[17]            ; 2.5 V        ; 2000 ps         ; 2000 ps         ;
; iInstExt[15]            ; 2.5 V        ; 2000 ps         ; 2000 ps         ;
; iInstExt[16]            ; 2.5 V        ; 2000 ps         ; 2000 ps         ;
; iInstExt[7]             ; 2.5 V        ; 2000 ps         ; 2000 ps         ;
; iInstExt[11]            ; 2.5 V        ; 2000 ps         ; 2000 ps         ;
; iInstExt[10]            ; 2.5 V        ; 2000 ps         ; 2000 ps         ;
; iInstExt[9]             ; 2.5 V        ; 2000 ps         ; 2000 ps         ;
; iInstExt[8]             ; 2.5 V        ; 2000 ps         ; 2000 ps         ;
; ~ALTERA_ASDO_DATA1~     ; 2.5 V        ; 2000 ps         ; 2000 ps         ;
; ~ALTERA_FLASH_nCE_nCSO~ ; 2.5 V        ; 2000 ps         ; 2000 ps         ;
; ~ALTERA_DATA0~          ; 2.5 V        ; 2000 ps         ; 2000 ps         ;
+-------------------------+--------------+-----------------+-----------------+


+--------------------------------------------------------------------------------------------------------------------------------------------------------------------------------------------------------------------------------------------------------------------------------------------------------------------------------------------------------------------------------------------------------------------------------------------------------------------------------------------------------------------------------------------------------------------------------------------------------------------------------------------------------------------------------------------+
; Signal Integrity Metrics (Slow 1200mv 0c Model)                                                                                                                                                                                                                                                                                                                                                                                                                                                                                                                                                                                                                                            ;
+---------------+--------------+---------------------+---------------------+------------------------------+------------------------------+---------------------+---------------------+--------------------------------------+--------------------------------------+-----------------------------+-----------------------------+----------------------------+----------------------------+-----------------------------+-----------------------------+--------------------+--------------------+-------------------------------------+-------------------------------------+----------------------------+----------------------------+---------------------------+---------------------------+
; Pin           ; I/O Standard ; Board Delay on Rise ; Board Delay on Fall ; Steady State Voh at FPGA Pin ; Steady State Vol at FPGA Pin ; Voh Max at FPGA Pin ; Vol Min at FPGA Pin ; Ringback Voltage on Rise at FPGA Pin ; Ringback Voltage on Fall at FPGA Pin ; 10-90 Rise Time at FPGA Pin ; 90-10 Fall Time at FPGA Pin ; Monotonic Rise at FPGA Pin ; Monotonic Fall at FPGA Pin ; Steady State Voh at Far-end ; Steady State Vol at Far-end ; Voh Max at Far-end ; Vol Min at Far-end ; Ringback Voltage on Rise at Far-end ; Ringback Voltage on Fall at Far-end ; 10-90 Rise Time at Far-end ; 90-10 Fall Time at Far-end ; Monotonic Rise at Far-end ; Monotonic Fall at Far-end ;
+---------------+--------------+---------------------+---------------------+------------------------------+------------------------------+---------------------+---------------------+--------------------------------------+--------------------------------------+-----------------------------+-----------------------------+----------------------------+----------------------------+-----------------------------+-----------------------------+--------------------+--------------------+-------------------------------------+-------------------------------------+----------------------------+----------------------------+---------------------------+---------------------------+
; oALUOut[0]    ; 2.5 V        ; 0 s                 ; 0 s                 ; 2.32 V                       ; 4.49e-09 V                   ; 2.38 V              ; -0.00552 V          ; 0.096 V                              ; 0.019 V                              ; 4.18e-10 s                  ; 3.59e-10 s                  ; No                         ; Yes                        ; 2.32 V                      ; 4.49e-09 V                  ; 2.38 V             ; -0.00552 V         ; 0.096 V                             ; 0.019 V                             ; 4.18e-10 s                 ; 3.59e-10 s                 ; No                        ; Yes                       ;
; oALUOut[1]    ; 2.5 V        ; 0 s                 ; 0 s                 ; 2.32 V                       ; 3.07e-09 V                   ; 2.37 V              ; -0.00994 V          ; 0.186 V                              ; 0.028 V                              ; 4.98e-10 s                  ; 4.96e-10 s                  ; Yes                        ; Yes                        ; 2.32 V                      ; 3.07e-09 V                  ; 2.37 V             ; -0.00994 V         ; 0.186 V                             ; 0.028 V                             ; 4.98e-10 s                 ; 4.96e-10 s                 ; Yes                       ; Yes                       ;
; oALUOut[2]    ; 2.5 V        ; 0 s                 ; 0 s                 ; 2.32 V                       ; 3.07e-09 V                   ; 2.37 V              ; -0.00994 V          ; 0.186 V                              ; 0.028 V                              ; 4.98e-10 s                  ; 4.96e-10 s                  ; Yes                        ; Yes                        ; 2.32 V                      ; 3.07e-09 V                  ; 2.37 V             ; -0.00994 V         ; 0.186 V                             ; 0.028 V                             ; 4.98e-10 s                 ; 4.96e-10 s                 ; Yes                       ; Yes                       ;
; oALUOut[3]    ; 2.5 V        ; 0 s                 ; 0 s                 ; 2.32 V                       ; 3.07e-09 V                   ; 2.37 V              ; -0.00994 V          ; 0.186 V                              ; 0.028 V                              ; 4.98e-10 s                  ; 4.96e-10 s                  ; Yes                        ; Yes                        ; 2.32 V                      ; 3.07e-09 V                  ; 2.37 V             ; -0.00994 V         ; 0.186 V                             ; 0.028 V                             ; 4.98e-10 s                 ; 4.96e-10 s                 ; Yes                       ; Yes                       ;
; oALUOut[4]    ; 2.5 V        ; 0 s                 ; 0 s                 ; 2.32 V                       ; 3.07e-09 V                   ; 2.38 V              ; -0.0144 V           ; 0.227 V                              ; 0.024 V                              ; 3.14e-10 s                  ; 3.39e-10 s                  ; Yes                        ; Yes                        ; 2.32 V                      ; 3.07e-09 V                  ; 2.38 V             ; -0.0144 V          ; 0.227 V                             ; 0.024 V                             ; 3.14e-10 s                 ; 3.39e-10 s                 ; Yes                       ; Yes                       ;
; oALUOut[5]    ; 2.5 V        ; 0 s                 ; 0 s                 ; 2.32 V                       ; 3.07e-09 V                   ; 2.37 V              ; -0.00994 V          ; 0.186 V                              ; 0.028 V                              ; 4.98e-10 s                  ; 4.96e-10 s                  ; Yes                        ; Yes                        ; 2.32 V                      ; 3.07e-09 V                  ; 2.37 V             ; -0.00994 V         ; 0.186 V                             ; 0.028 V                             ; 4.98e-10 s                 ; 4.96e-10 s                 ; Yes                       ; Yes                       ;
; oALUOut[6]    ; 2.5 V        ; 0 s                 ; 0 s                 ; 2.32 V                       ; 3.07e-09 V                   ; 2.37 V              ; -0.00994 V          ; 0.186 V                              ; 0.028 V                              ; 4.98e-10 s                  ; 4.96e-10 s                  ; Yes                        ; Yes                        ; 2.32 V                      ; 3.07e-09 V                  ; 2.37 V             ; -0.00994 V         ; 0.186 V                             ; 0.028 V                             ; 4.98e-10 s                 ; 4.96e-10 s                 ; Yes                       ; Yes                       ;
; oALUOut[7]    ; 2.5 V        ; 0 s                 ; 0 s                 ; 2.32 V                       ; 3.07e-09 V                   ; 2.37 V              ; -0.00994 V          ; 0.186 V                              ; 0.028 V                              ; 4.98e-10 s                  ; 4.96e-10 s                  ; Yes                        ; Yes                        ; 2.32 V                      ; 3.07e-09 V                  ; 2.37 V             ; -0.00994 V         ; 0.186 V                             ; 0.028 V                             ; 4.98e-10 s                 ; 4.96e-10 s                 ; Yes                       ; Yes                       ;
; oALUOut[8]    ; 2.5 V        ; 0 s                 ; 0 s                 ; 2.32 V                       ; 3.07e-09 V                   ; 2.37 V              ; -0.00994 V          ; 0.186 V                              ; 0.028 V                              ; 4.98e-10 s                  ; 4.96e-10 s                  ; Yes                        ; Yes                        ; 2.32 V                      ; 3.07e-09 V                  ; 2.37 V             ; -0.00994 V         ; 0.186 V                             ; 0.028 V                             ; 4.98e-10 s                 ; 4.96e-10 s                 ; Yes                       ; Yes                       ;
; oALUOut[9]    ; 2.5 V        ; 0 s                 ; 0 s                 ; 2.32 V                       ; 4.49e-09 V                   ; 2.38 V              ; -0.00552 V          ; 0.096 V                              ; 0.019 V                              ; 4.18e-10 s                  ; 3.59e-10 s                  ; No                         ; Yes                        ; 2.32 V                      ; 4.49e-09 V                  ; 2.38 V             ; -0.00552 V         ; 0.096 V                             ; 0.019 V                             ; 4.18e-10 s                 ; 3.59e-10 s                 ; No                        ; Yes                       ;
; oALUOut[10]   ; 2.5 V        ; 0 s                 ; 0 s                 ; 2.32 V                       ; 4.49e-09 V                   ; 2.38 V              ; -0.00552 V          ; 0.096 V                              ; 0.019 V                              ; 4.18e-10 s                  ; 3.59e-10 s                  ; No                         ; Yes                        ; 2.32 V                      ; 4.49e-09 V                  ; 2.38 V             ; -0.00552 V         ; 0.096 V                             ; 0.019 V                             ; 4.18e-10 s                 ; 3.59e-10 s                 ; No                        ; Yes                       ;
; oALUOut[11]   ; 2.5 V        ; 0 s                 ; 0 s                 ; 2.32 V                       ; 3.07e-09 V                   ; 2.37 V              ; -0.00994 V          ; 0.186 V                              ; 0.028 V                              ; 4.98e-10 s                  ; 4.96e-10 s                  ; Yes                        ; Yes                        ; 2.32 V                      ; 3.07e-09 V                  ; 2.37 V             ; -0.00994 V         ; 0.186 V                             ; 0.028 V                             ; 4.98e-10 s                 ; 4.96e-10 s                 ; Yes                       ; Yes                       ;
; oALUOut[12]   ; 2.5 V        ; 0 s                 ; 0 s                 ; 2.32 V                       ; 4.49e-09 V                   ; 2.38 V              ; -0.00552 V          ; 0.096 V                              ; 0.019 V                              ; 4.18e-10 s                  ; 3.59e-10 s                  ; No                         ; Yes                        ; 2.32 V                      ; 4.49e-09 V                  ; 2.38 V             ; -0.00552 V         ; 0.096 V                             ; 0.019 V                             ; 4.18e-10 s                 ; 3.59e-10 s                 ; No                        ; Yes                       ;
; oALUOut[13]   ; 2.5 V        ; 0 s                 ; 0 s                 ; 2.32 V                       ; 4.49e-09 V                   ; 2.38 V              ; -0.00552 V          ; 0.096 V                              ; 0.019 V                              ; 4.18e-10 s                  ; 3.59e-10 s                  ; No                         ; Yes                        ; 2.32 V                      ; 4.49e-09 V                  ; 2.38 V             ; -0.00552 V         ; 0.096 V                             ; 0.019 V                             ; 4.18e-10 s                 ; 3.59e-10 s                 ; No                        ; Yes                       ;
; oALUOut[14]   ; 2.5 V        ; 0 s                 ; 0 s                 ; 2.32 V                       ; 4.49e-09 V                   ; 2.38 V              ; -0.00552 V          ; 0.096 V                              ; 0.019 V                              ; 4.18e-10 s                  ; 3.59e-10 s                  ; No                         ; Yes                        ; 2.32 V                      ; 4.49e-09 V                  ; 2.38 V             ; -0.00552 V         ; 0.096 V                             ; 0.019 V                             ; 4.18e-10 s                 ; 3.59e-10 s                 ; No                        ; Yes                       ;
; oALUOut[15]   ; 2.5 V        ; 0 s                 ; 0 s                 ; 2.32 V                       ; 4.49e-09 V                   ; 2.38 V              ; -0.00552 V          ; 0.096 V                              ; 0.019 V                              ; 4.18e-10 s                  ; 3.59e-10 s                  ; No                         ; Yes                        ; 2.32 V                      ; 4.49e-09 V                  ; 2.38 V             ; -0.00552 V         ; 0.096 V                             ; 0.019 V                             ; 4.18e-10 s                 ; 3.59e-10 s                 ; No                        ; Yes                       ;
; oALUOut[16]   ; 2.5 V        ; 0 s                 ; 0 s                 ; 2.32 V                       ; 4.49e-09 V                   ; 2.38 V              ; -0.00552 V          ; 0.096 V                              ; 0.019 V                              ; 4.18e-10 s                  ; 3.59e-10 s                  ; No                         ; Yes                        ; 2.32 V                      ; 4.49e-09 V                  ; 2.38 V             ; -0.00552 V         ; 0.096 V                             ; 0.019 V                             ; 4.18e-10 s                 ; 3.59e-10 s                 ; No                        ; Yes                       ;
; oALUOut[17]   ; 2.5 V        ; 0 s                 ; 0 s                 ; 2.32 V                       ; 4.49e-09 V                   ; 2.38 V              ; -0.00552 V          ; 0.096 V                              ; 0.019 V                              ; 4.18e-10 s                  ; 3.59e-10 s                  ; No                         ; Yes                        ; 2.32 V                      ; 4.49e-09 V                  ; 2.38 V             ; -0.00552 V         ; 0.096 V                             ; 0.019 V                             ; 4.18e-10 s                 ; 3.59e-10 s                 ; No                        ; Yes                       ;
; oALUOut[18]   ; 2.5 V        ; 0 s                 ; 0 s                 ; 2.32 V                       ; 4.49e-09 V                   ; 2.38 V              ; -0.00552 V          ; 0.096 V                              ; 0.019 V                              ; 4.18e-10 s                  ; 3.59e-10 s                  ; No                         ; Yes                        ; 2.32 V                      ; 4.49e-09 V                  ; 2.38 V             ; -0.00552 V         ; 0.096 V                             ; 0.019 V                             ; 4.18e-10 s                 ; 3.59e-10 s                 ; No                        ; Yes                       ;
; oALUOut[19]   ; 2.5 V        ; 0 s                 ; 0 s                 ; 2.32 V                       ; 4.49e-09 V                   ; 2.38 V              ; -0.00552 V          ; 0.096 V                              ; 0.019 V                              ; 4.18e-10 s                  ; 3.59e-10 s                  ; No                         ; Yes                        ; 2.32 V                      ; 4.49e-09 V                  ; 2.38 V             ; -0.00552 V         ; 0.096 V                             ; 0.019 V                             ; 4.18e-10 s                 ; 3.59e-10 s                 ; No                        ; Yes                       ;
; oALUOut[20]   ; 2.5 V        ; 0 s                 ; 0 s                 ; 2.32 V                       ; 4.49e-09 V                   ; 2.38 V              ; -0.00552 V          ; 0.096 V                              ; 0.019 V                              ; 4.18e-10 s                  ; 3.59e-10 s                  ; No                         ; Yes                        ; 2.32 V                      ; 4.49e-09 V                  ; 2.38 V             ; -0.00552 V         ; 0.096 V                             ; 0.019 V                             ; 4.18e-10 s                 ; 3.59e-10 s                 ; No                        ; Yes                       ;
; oALUOut[21]   ; 2.5 V        ; 0 s                 ; 0 s                 ; 2.32 V                       ; 4.49e-09 V                   ; 2.38 V              ; -0.00552 V          ; 0.096 V                              ; 0.019 V                              ; 4.18e-10 s                  ; 3.59e-10 s                  ; No                         ; Yes                        ; 2.32 V                      ; 4.49e-09 V                  ; 2.38 V             ; -0.00552 V         ; 0.096 V                             ; 0.019 V                             ; 4.18e-10 s                 ; 3.59e-10 s                 ; No                        ; Yes                       ;
; oALUOut[22]   ; 2.5 V        ; 0 s                 ; 0 s                 ; 2.32 V                       ; 4.49e-09 V                   ; 2.38 V              ; -0.00552 V          ; 0.096 V                              ; 0.019 V                              ; 4.18e-10 s                  ; 3.59e-10 s                  ; No                         ; Yes                        ; 2.32 V                      ; 4.49e-09 V                  ; 2.38 V             ; -0.00552 V         ; 0.096 V                             ; 0.019 V                             ; 4.18e-10 s                 ; 3.59e-10 s                 ; No                        ; Yes                       ;
; oALUOut[23]   ; 2.5 V        ; 0 s                 ; 0 s                 ; 2.32 V                       ; 4.49e-09 V                   ; 2.38 V              ; -0.00552 V          ; 0.096 V                              ; 0.019 V                              ; 4.18e-10 s                  ; 3.59e-10 s                  ; No                         ; Yes                        ; 2.32 V                      ; 4.49e-09 V                  ; 2.38 V             ; -0.00552 V         ; 0.096 V                             ; 0.019 V                             ; 4.18e-10 s                 ; 3.59e-10 s                 ; No                        ; Yes                       ;
; oALUOut[24]   ; 2.5 V        ; 0 s                 ; 0 s                 ; 2.32 V                       ; 4.49e-09 V                   ; 2.38 V              ; -0.00552 V          ; 0.096 V                              ; 0.019 V                              ; 4.18e-10 s                  ; 3.59e-10 s                  ; No                         ; Yes                        ; 2.32 V                      ; 4.49e-09 V                  ; 2.38 V             ; -0.00552 V         ; 0.096 V                             ; 0.019 V                             ; 4.18e-10 s                 ; 3.59e-10 s                 ; No                        ; Yes                       ;
; oALUOut[25]   ; 2.5 V        ; 0 s                 ; 0 s                 ; 2.32 V                       ; 4.49e-09 V                   ; 2.38 V              ; -0.00552 V          ; 0.096 V                              ; 0.019 V                              ; 4.18e-10 s                  ; 3.59e-10 s                  ; No                         ; Yes                        ; 2.32 V                      ; 4.49e-09 V                  ; 2.38 V             ; -0.00552 V         ; 0.096 V                             ; 0.019 V                             ; 4.18e-10 s                 ; 3.59e-10 s                 ; No                        ; Yes                       ;
; oALUOut[26]   ; 2.5 V        ; 0 s                 ; 0 s                 ; 2.32 V                       ; 4.49e-09 V                   ; 2.38 V              ; -0.00552 V          ; 0.096 V                              ; 0.019 V                              ; 4.18e-10 s                  ; 3.59e-10 s                  ; No                         ; Yes                        ; 2.32 V                      ; 4.49e-09 V                  ; 2.38 V             ; -0.00552 V         ; 0.096 V                             ; 0.019 V                             ; 4.18e-10 s                 ; 3.59e-10 s                 ; No                        ; Yes                       ;
; oALUOut[27]   ; 2.5 V        ; 0 s                 ; 0 s                 ; 2.32 V                       ; 4.49e-09 V                   ; 2.38 V              ; -0.00552 V          ; 0.096 V                              ; 0.019 V                              ; 4.18e-10 s                  ; 3.59e-10 s                  ; No                         ; Yes                        ; 2.32 V                      ; 4.49e-09 V                  ; 2.38 V             ; -0.00552 V         ; 0.096 V                             ; 0.019 V                             ; 4.18e-10 s                 ; 3.59e-10 s                 ; No                        ; Yes                       ;
; oALUOut[28]   ; 2.5 V        ; 0 s                 ; 0 s                 ; 2.32 V                       ; 4.49e-09 V                   ; 2.38 V              ; -0.00552 V          ; 0.096 V                              ; 0.019 V                              ; 4.18e-10 s                  ; 3.59e-10 s                  ; No                         ; Yes                        ; 2.32 V                      ; 4.49e-09 V                  ; 2.38 V             ; -0.00552 V         ; 0.096 V                             ; 0.019 V                             ; 4.18e-10 s                 ; 3.59e-10 s                 ; No                        ; Yes                       ;
; oALUOut[29]   ; 2.5 V        ; 0 s                 ; 0 s                 ; 2.32 V                       ; 4.49e-09 V                   ; 2.38 V              ; -0.00552 V          ; 0.096 V                              ; 0.019 V                              ; 4.18e-10 s                  ; 3.59e-10 s                  ; No                         ; Yes                        ; 2.32 V                      ; 4.49e-09 V                  ; 2.38 V             ; -0.00552 V         ; 0.096 V                             ; 0.019 V                             ; 4.18e-10 s                 ; 3.59e-10 s                 ; No                        ; Yes                       ;
; oALUOut[30]   ; 2.5 V        ; 0 s                 ; 0 s                 ; 2.32 V                       ; 4.49e-09 V                   ; 2.38 V              ; -0.00552 V          ; 0.096 V                              ; 0.019 V                              ; 4.18e-10 s                  ; 3.59e-10 s                  ; No                         ; Yes                        ; 2.32 V                      ; 4.49e-09 V                  ; 2.38 V             ; -0.00552 V         ; 0.096 V                             ; 0.019 V                             ; 4.18e-10 s                 ; 3.59e-10 s                 ; No                        ; Yes                       ;
; oALUOut[31]   ; 2.5 V        ; 0 s                 ; 0 s                 ; 2.32 V                       ; 4.49e-09 V                   ; 2.38 V              ; -0.00552 V          ; 0.096 V                              ; 0.019 V                              ; 4.18e-10 s                  ; 3.59e-10 s                  ; No                         ; Yes                        ; 2.32 V                      ; 4.49e-09 V                  ; 2.38 V             ; -0.00552 V         ; 0.096 V                             ; 0.019 V                             ; 4.18e-10 s                 ; 3.59e-10 s                 ; No                        ; Yes                       ;
; ~ALTERA_DCLK~ ; 2.5 V        ; 0 s                 ; 0 s                 ; 2.32 V                       ; 2.67e-09 V                   ; 2.38 V              ; -0.0485 V           ; 0.167 V                              ; 0.096 V                              ; 2.95e-10 s                  ; 2.73e-10 s                  ; Yes                        ; Yes                        ; 2.32 V                      ; 2.67e-09 V                  ; 2.38 V             ; -0.0485 V          ; 0.167 V                             ; 0.096 V                             ; 2.95e-10 s                 ; 2.73e-10 s                 ; Yes                       ; Yes                       ;
; ~ALTERA_nCEO~ ; 2.5 V        ; 0 s                 ; 0 s                 ; 2.32 V                       ; 4.18e-09 V                   ; 2.38 V              ; -0.00483 V          ; 0.152 V                              ; 0.012 V                              ; 4.81e-10 s                  ; 6.29e-10 s                  ; Yes                        ; Yes                        ; 2.32 V                      ; 4.18e-09 V                  ; 2.38 V             ; -0.00483 V         ; 0.152 V                             ; 0.012 V                             ; 4.81e-10 s                 ; 6.29e-10 s                 ; Yes                       ; Yes                       ;
+---------------+--------------+---------------------+---------------------+------------------------------+------------------------------+---------------------+---------------------+--------------------------------------+--------------------------------------+-----------------------------+-----------------------------+----------------------------+----------------------------+-----------------------------+-----------------------------+--------------------+--------------------+-------------------------------------+-------------------------------------+----------------------------+----------------------------+---------------------------+---------------------------+


+--------------------------------------------------------------------------------------------------------------------------------------------------------------------------------------------------------------------------------------------------------------------------------------------------------------------------------------------------------------------------------------------------------------------------------------------------------------------------------------------------------------------------------------------------------------------------------------------------------------------------------------------------------------------------------------------+
; Signal Integrity Metrics (Slow 1200mv 85c Model)                                                                                                                                                                                                                                                                                                                                                                                                                                                                                                                                                                                                                                           ;
+---------------+--------------+---------------------+---------------------+------------------------------+------------------------------+---------------------+---------------------+--------------------------------------+--------------------------------------+-----------------------------+-----------------------------+----------------------------+----------------------------+-----------------------------+-----------------------------+--------------------+--------------------+-------------------------------------+-------------------------------------+----------------------------+----------------------------+---------------------------+---------------------------+
; Pin           ; I/O Standard ; Board Delay on Rise ; Board Delay on Fall ; Steady State Voh at FPGA Pin ; Steady State Vol at FPGA Pin ; Voh Max at FPGA Pin ; Vol Min at FPGA Pin ; Ringback Voltage on Rise at FPGA Pin ; Ringback Voltage on Fall at FPGA Pin ; 10-90 Rise Time at FPGA Pin ; 90-10 Fall Time at FPGA Pin ; Monotonic Rise at FPGA Pin ; Monotonic Fall at FPGA Pin ; Steady State Voh at Far-end ; Steady State Vol at Far-end ; Voh Max at Far-end ; Vol Min at Far-end ; Ringback Voltage on Rise at Far-end ; Ringback Voltage on Fall at Far-end ; 10-90 Rise Time at Far-end ; 90-10 Fall Time at Far-end ; Monotonic Rise at Far-end ; Monotonic Fall at Far-end ;
+---------------+--------------+---------------------+---------------------+------------------------------+------------------------------+---------------------+---------------------+--------------------------------------+--------------------------------------+-----------------------------+-----------------------------+----------------------------+----------------------------+-----------------------------+-----------------------------+--------------------+--------------------+-------------------------------------+-------------------------------------+----------------------------+----------------------------+---------------------------+---------------------------+
; oALUOut[0]    ; 2.5 V        ; 0 s                 ; 0 s                 ; 2.32 V                       ; 6.92e-07 V                   ; 2.35 V              ; -0.00996 V          ; 0.121 V                              ; 0.03 V                               ; 4.64e-10 s                  ; 4.47e-10 s                  ; Yes                        ; Yes                        ; 2.32 V                      ; 6.92e-07 V                  ; 2.35 V             ; -0.00996 V         ; 0.121 V                             ; 0.03 V                              ; 4.64e-10 s                 ; 4.47e-10 s                 ; Yes                       ; Yes                       ;
; oALUOut[1]    ; 2.5 V        ; 0 s                 ; 0 s                 ; 2.32 V                       ; 4.67e-07 V                   ; 2.35 V              ; -0.00942 V          ; 0.116 V                              ; 0.033 V                              ; 6.66e-10 s                  ; 6.27e-10 s                  ; Yes                        ; Yes                        ; 2.32 V                      ; 4.67e-07 V                  ; 2.35 V             ; -0.00942 V         ; 0.116 V                             ; 0.033 V                             ; 6.66e-10 s                 ; 6.27e-10 s                 ; Yes                       ; Yes                       ;
; oALUOut[2]    ; 2.5 V        ; 0 s                 ; 0 s                 ; 2.32 V                       ; 4.67e-07 V                   ; 2.35 V              ; -0.00942 V          ; 0.116 V                              ; 0.033 V                              ; 6.66e-10 s                  ; 6.27e-10 s                  ; Yes                        ; Yes                        ; 2.32 V                      ; 4.67e-07 V                  ; 2.35 V             ; -0.00942 V         ; 0.116 V                             ; 0.033 V                             ; 6.66e-10 s                 ; 6.27e-10 s                 ; Yes                       ; Yes                       ;
; oALUOut[3]    ; 2.5 V        ; 0 s                 ; 0 s                 ; 2.32 V                       ; 4.67e-07 V                   ; 2.35 V              ; -0.00942 V          ; 0.116 V                              ; 0.033 V                              ; 6.66e-10 s                  ; 6.27e-10 s                  ; Yes                        ; Yes                        ; 2.32 V                      ; 4.67e-07 V                  ; 2.35 V             ; -0.00942 V         ; 0.116 V                             ; 0.033 V                             ; 6.66e-10 s                 ; 6.27e-10 s                 ; Yes                       ; Yes                       ;
; oALUOut[4]    ; 2.5 V        ; 0 s                 ; 0 s                 ; 2.32 V                       ; 4.67e-07 V                   ; 2.36 V              ; -0.00552 V          ; 0.11 V                               ; 0.007 V                              ; 4.54e-10 s                  ; 4.35e-10 s                  ; Yes                        ; Yes                        ; 2.32 V                      ; 4.67e-07 V                  ; 2.36 V             ; -0.00552 V         ; 0.11 V                              ; 0.007 V                             ; 4.54e-10 s                 ; 4.35e-10 s                 ; Yes                       ; Yes                       ;
; oALUOut[5]    ; 2.5 V        ; 0 s                 ; 0 s                 ; 2.32 V                       ; 4.67e-07 V                   ; 2.35 V              ; -0.00942 V          ; 0.116 V                              ; 0.033 V                              ; 6.66e-10 s                  ; 6.27e-10 s                  ; Yes                        ; Yes                        ; 2.32 V                      ; 4.67e-07 V                  ; 2.35 V             ; -0.00942 V         ; 0.116 V                             ; 0.033 V                             ; 6.66e-10 s                 ; 6.27e-10 s                 ; Yes                       ; Yes                       ;
; oALUOut[6]    ; 2.5 V        ; 0 s                 ; 0 s                 ; 2.32 V                       ; 4.67e-07 V                   ; 2.35 V              ; -0.00942 V          ; 0.116 V                              ; 0.033 V                              ; 6.66e-10 s                  ; 6.27e-10 s                  ; Yes                        ; Yes                        ; 2.32 V                      ; 4.67e-07 V                  ; 2.35 V             ; -0.00942 V         ; 0.116 V                             ; 0.033 V                             ; 6.66e-10 s                 ; 6.27e-10 s                 ; Yes                       ; Yes                       ;
; oALUOut[7]    ; 2.5 V        ; 0 s                 ; 0 s                 ; 2.32 V                       ; 4.67e-07 V                   ; 2.35 V              ; -0.00942 V          ; 0.116 V                              ; 0.033 V                              ; 6.66e-10 s                  ; 6.27e-10 s                  ; Yes                        ; Yes                        ; 2.32 V                      ; 4.67e-07 V                  ; 2.35 V             ; -0.00942 V         ; 0.116 V                             ; 0.033 V                             ; 6.66e-10 s                 ; 6.27e-10 s                 ; Yes                       ; Yes                       ;
; oALUOut[8]    ; 2.5 V        ; 0 s                 ; 0 s                 ; 2.32 V                       ; 4.67e-07 V                   ; 2.35 V              ; -0.00942 V          ; 0.116 V                              ; 0.033 V                              ; 6.66e-10 s                  ; 6.27e-10 s                  ; Yes                        ; Yes                        ; 2.32 V                      ; 4.67e-07 V                  ; 2.35 V             ; -0.00942 V         ; 0.116 V                             ; 0.033 V                             ; 6.66e-10 s                 ; 6.27e-10 s                 ; Yes                       ; Yes                       ;
; oALUOut[9]    ; 2.5 V        ; 0 s                 ; 0 s                 ; 2.32 V                       ; 6.92e-07 V                   ; 2.35 V              ; -0.00996 V          ; 0.121 V                              ; 0.03 V                               ; 4.64e-10 s                  ; 4.47e-10 s                  ; Yes                        ; Yes                        ; 2.32 V                      ; 6.92e-07 V                  ; 2.35 V             ; -0.00996 V         ; 0.121 V                             ; 0.03 V                              ; 4.64e-10 s                 ; 4.47e-10 s                 ; Yes                       ; Yes                       ;
; oALUOut[10]   ; 2.5 V        ; 0 s                 ; 0 s                 ; 2.32 V                       ; 6.92e-07 V                   ; 2.35 V              ; -0.00996 V          ; 0.121 V                              ; 0.03 V                               ; 4.64e-10 s                  ; 4.47e-10 s                  ; Yes                        ; Yes                        ; 2.32 V                      ; 6.92e-07 V                  ; 2.35 V             ; -0.00996 V         ; 0.121 V                             ; 0.03 V                              ; 4.64e-10 s                 ; 4.47e-10 s                 ; Yes                       ; Yes                       ;
; oALUOut[11]   ; 2.5 V        ; 0 s                 ; 0 s                 ; 2.32 V                       ; 4.67e-07 V                   ; 2.35 V              ; -0.00942 V          ; 0.116 V                              ; 0.033 V                              ; 6.66e-10 s                  ; 6.27e-10 s                  ; Yes                        ; Yes                        ; 2.32 V                      ; 4.67e-07 V                  ; 2.35 V             ; -0.00942 V         ; 0.116 V                             ; 0.033 V                             ; 6.66e-10 s                 ; 6.27e-10 s                 ; Yes                       ; Yes                       ;
; oALUOut[12]   ; 2.5 V        ; 0 s                 ; 0 s                 ; 2.32 V                       ; 6.92e-07 V                   ; 2.35 V              ; -0.00996 V          ; 0.121 V                              ; 0.03 V                               ; 4.64e-10 s                  ; 4.47e-10 s                  ; Yes                        ; Yes                        ; 2.32 V                      ; 6.92e-07 V                  ; 2.35 V             ; -0.00996 V         ; 0.121 V                             ; 0.03 V                              ; 4.64e-10 s                 ; 4.47e-10 s                 ; Yes                       ; Yes                       ;
; oALUOut[13]   ; 2.5 V        ; 0 s                 ; 0 s                 ; 2.32 V                       ; 6.92e-07 V                   ; 2.35 V              ; -0.00996 V          ; 0.121 V                              ; 0.03 V                               ; 4.64e-10 s                  ; 4.47e-10 s                  ; Yes                        ; Yes                        ; 2.32 V                      ; 6.92e-07 V                  ; 2.35 V             ; -0.00996 V         ; 0.121 V                             ; 0.03 V                              ; 4.64e-10 s                 ; 4.47e-10 s                 ; Yes                       ; Yes                       ;
; oALUOut[14]   ; 2.5 V        ; 0 s                 ; 0 s                 ; 2.32 V                       ; 6.92e-07 V                   ; 2.35 V              ; -0.00996 V          ; 0.121 V                              ; 0.03 V                               ; 4.64e-10 s                  ; 4.47e-10 s                  ; Yes                        ; Yes                        ; 2.32 V                      ; 6.92e-07 V                  ; 2.35 V             ; -0.00996 V         ; 0.121 V                             ; 0.03 V                              ; 4.64e-10 s                 ; 4.47e-10 s                 ; Yes                       ; Yes                       ;
; oALUOut[15]   ; 2.5 V        ; 0 s                 ; 0 s                 ; 2.32 V                       ; 6.92e-07 V                   ; 2.35 V              ; -0.00996 V          ; 0.121 V                              ; 0.03 V                               ; 4.64e-10 s                  ; 4.47e-10 s                  ; Yes                        ; Yes                        ; 2.32 V                      ; 6.92e-07 V                  ; 2.35 V             ; -0.00996 V         ; 0.121 V                             ; 0.03 V                              ; 4.64e-10 s                 ; 4.47e-10 s                 ; Yes                       ; Yes                       ;
; oALUOut[16]   ; 2.5 V        ; 0 s                 ; 0 s                 ; 2.32 V                       ; 6.92e-07 V                   ; 2.35 V              ; -0.00996 V          ; 0.121 V                              ; 0.03 V                               ; 4.64e-10 s                  ; 4.47e-10 s                  ; Yes                        ; Yes                        ; 2.32 V                      ; 6.92e-07 V                  ; 2.35 V             ; -0.00996 V         ; 0.121 V                             ; 0.03 V                              ; 4.64e-10 s                 ; 4.47e-10 s                 ; Yes                       ; Yes                       ;
; oALUOut[17]   ; 2.5 V        ; 0 s                 ; 0 s                 ; 2.32 V                       ; 6.92e-07 V                   ; 2.35 V              ; -0.00996 V          ; 0.121 V                              ; 0.03 V                               ; 4.64e-10 s                  ; 4.47e-10 s                  ; Yes                        ; Yes                        ; 2.32 V                      ; 6.92e-07 V                  ; 2.35 V             ; -0.00996 V         ; 0.121 V                             ; 0.03 V                              ; 4.64e-10 s                 ; 4.47e-10 s                 ; Yes                       ; Yes                       ;
; oALUOut[18]   ; 2.5 V        ; 0 s                 ; 0 s                 ; 2.32 V                       ; 6.92e-07 V                   ; 2.35 V              ; -0.00996 V          ; 0.121 V                              ; 0.03 V                               ; 4.64e-10 s                  ; 4.47e-10 s                  ; Yes                        ; Yes                        ; 2.32 V                      ; 6.92e-07 V                  ; 2.35 V             ; -0.00996 V         ; 0.121 V                             ; 0.03 V                              ; 4.64e-10 s                 ; 4.47e-10 s                 ; Yes                       ; Yes                       ;
; oALUOut[19]   ; 2.5 V        ; 0 s                 ; 0 s                 ; 2.32 V                       ; 6.92e-07 V                   ; 2.35 V              ; -0.00996 V          ; 0.121 V                              ; 0.03 V                               ; 4.64e-10 s                  ; 4.47e-10 s                  ; Yes                        ; Yes                        ; 2.32 V                      ; 6.92e-07 V                  ; 2.35 V             ; -0.00996 V         ; 0.121 V                             ; 0.03 V                              ; 4.64e-10 s                 ; 4.47e-10 s                 ; Yes                       ; Yes                       ;
; oALUOut[20]   ; 2.5 V        ; 0 s                 ; 0 s                 ; 2.32 V                       ; 6.92e-07 V                   ; 2.35 V              ; -0.00996 V          ; 0.121 V                              ; 0.03 V                               ; 4.64e-10 s                  ; 4.47e-10 s                  ; Yes                        ; Yes                        ; 2.32 V                      ; 6.92e-07 V                  ; 2.35 V             ; -0.00996 V         ; 0.121 V                             ; 0.03 V                              ; 4.64e-10 s                 ; 4.47e-10 s                 ; Yes                       ; Yes                       ;
; oALUOut[21]   ; 2.5 V        ; 0 s                 ; 0 s                 ; 2.32 V                       ; 6.92e-07 V                   ; 2.35 V              ; -0.00996 V          ; 0.121 V                              ; 0.03 V                               ; 4.64e-10 s                  ; 4.47e-10 s                  ; Yes                        ; Yes                        ; 2.32 V                      ; 6.92e-07 V                  ; 2.35 V             ; -0.00996 V         ; 0.121 V                             ; 0.03 V                              ; 4.64e-10 s                 ; 4.47e-10 s                 ; Yes                       ; Yes                       ;
; oALUOut[22]   ; 2.5 V        ; 0 s                 ; 0 s                 ; 2.32 V                       ; 6.92e-07 V                   ; 2.35 V              ; -0.00996 V          ; 0.121 V                              ; 0.03 V                               ; 4.64e-10 s                  ; 4.47e-10 s                  ; Yes                        ; Yes                        ; 2.32 V                      ; 6.92e-07 V                  ; 2.35 V             ; -0.00996 V         ; 0.121 V                             ; 0.03 V                              ; 4.64e-10 s                 ; 4.47e-10 s                 ; Yes                       ; Yes                       ;
; oALUOut[23]   ; 2.5 V        ; 0 s                 ; 0 s                 ; 2.32 V                       ; 6.92e-07 V                   ; 2.35 V              ; -0.00996 V          ; 0.121 V                              ; 0.03 V                               ; 4.64e-10 s                  ; 4.47e-10 s                  ; Yes                        ; Yes                        ; 2.32 V                      ; 6.92e-07 V                  ; 2.35 V             ; -0.00996 V         ; 0.121 V                             ; 0.03 V                              ; 4.64e-10 s                 ; 4.47e-10 s                 ; Yes                       ; Yes                       ;
; oALUOut[24]   ; 2.5 V        ; 0 s                 ; 0 s                 ; 2.32 V                       ; 6.92e-07 V                   ; 2.35 V              ; -0.00996 V          ; 0.121 V                              ; 0.03 V                               ; 4.64e-10 s                  ; 4.47e-10 s                  ; Yes                        ; Yes                        ; 2.32 V                      ; 6.92e-07 V                  ; 2.35 V             ; -0.00996 V         ; 0.121 V                             ; 0.03 V                              ; 4.64e-10 s                 ; 4.47e-10 s                 ; Yes                       ; Yes                       ;
; oALUOut[25]   ; 2.5 V        ; 0 s                 ; 0 s                 ; 2.32 V                       ; 6.92e-07 V                   ; 2.35 V              ; -0.00996 V          ; 0.121 V                              ; 0.03 V                               ; 4.64e-10 s                  ; 4.47e-10 s                  ; Yes                        ; Yes                        ; 2.32 V                      ; 6.92e-07 V                  ; 2.35 V             ; -0.00996 V         ; 0.121 V                             ; 0.03 V                              ; 4.64e-10 s                 ; 4.47e-10 s                 ; Yes                       ; Yes                       ;
; oALUOut[26]   ; 2.5 V        ; 0 s                 ; 0 s                 ; 2.32 V                       ; 6.92e-07 V                   ; 2.35 V              ; -0.00996 V          ; 0.121 V                              ; 0.03 V                               ; 4.64e-10 s                  ; 4.47e-10 s                  ; Yes                        ; Yes                        ; 2.32 V                      ; 6.92e-07 V                  ; 2.35 V             ; -0.00996 V         ; 0.121 V                             ; 0.03 V                              ; 4.64e-10 s                 ; 4.47e-10 s                 ; Yes                       ; Yes                       ;
; oALUOut[27]   ; 2.5 V        ; 0 s                 ; 0 s                 ; 2.32 V                       ; 6.92e-07 V                   ; 2.35 V              ; -0.00996 V          ; 0.121 V                              ; 0.03 V                               ; 4.64e-10 s                  ; 4.47e-10 s                  ; Yes                        ; Yes                        ; 2.32 V                      ; 6.92e-07 V                  ; 2.35 V             ; -0.00996 V         ; 0.121 V                             ; 0.03 V                              ; 4.64e-10 s                 ; 4.47e-10 s                 ; Yes                       ; Yes                       ;
; oALUOut[28]   ; 2.5 V        ; 0 s                 ; 0 s                 ; 2.32 V                       ; 6.92e-07 V                   ; 2.35 V              ; -0.00996 V          ; 0.121 V                              ; 0.03 V                               ; 4.64e-10 s                  ; 4.47e-10 s                  ; Yes                        ; Yes                        ; 2.32 V                      ; 6.92e-07 V                  ; 2.35 V             ; -0.00996 V         ; 0.121 V                             ; 0.03 V                              ; 4.64e-10 s                 ; 4.47e-10 s                 ; Yes                       ; Yes                       ;
; oALUOut[29]   ; 2.5 V        ; 0 s                 ; 0 s                 ; 2.32 V                       ; 6.92e-07 V                   ; 2.35 V              ; -0.00996 V          ; 0.121 V                              ; 0.03 V                               ; 4.64e-10 s                  ; 4.47e-10 s                  ; Yes                        ; Yes                        ; 2.32 V                      ; 6.92e-07 V                  ; 2.35 V             ; -0.00996 V         ; 0.121 V                             ; 0.03 V                              ; 4.64e-10 s                 ; 4.47e-10 s                 ; Yes                       ; Yes                       ;
; oALUOut[30]   ; 2.5 V        ; 0 s                 ; 0 s                 ; 2.32 V                       ; 6.92e-07 V                   ; 2.35 V              ; -0.00996 V          ; 0.121 V                              ; 0.03 V                               ; 4.64e-10 s                  ; 4.47e-10 s                  ; Yes                        ; Yes                        ; 2.32 V                      ; 6.92e-07 V                  ; 2.35 V             ; -0.00996 V         ; 0.121 V                             ; 0.03 V                              ; 4.64e-10 s                 ; 4.47e-10 s                 ; Yes                       ; Yes                       ;
; oALUOut[31]   ; 2.5 V        ; 0 s                 ; 0 s                 ; 2.32 V                       ; 6.92e-07 V                   ; 2.35 V              ; -0.00996 V          ; 0.121 V                              ; 0.03 V                               ; 4.64e-10 s                  ; 4.47e-10 s                  ; Yes                        ; Yes                        ; 2.32 V                      ; 6.92e-07 V                  ; 2.35 V             ; -0.00996 V         ; 0.121 V                             ; 0.03 V                              ; 4.64e-10 s                 ; 4.47e-10 s                 ; Yes                       ; Yes                       ;
; ~ALTERA_DCLK~ ; 2.5 V        ; 0 s                 ; 0 s                 ; 2.32 V                       ; 3.75e-07 V                   ; 2.35 V              ; -0.0109 V           ; 0.084 V                              ; 0.027 V                              ; 4.31e-10 s                  ; 3.61e-10 s                  ; Yes                        ; Yes                        ; 2.32 V                      ; 3.75e-07 V                  ; 2.35 V             ; -0.0109 V          ; 0.084 V                             ; 0.027 V                             ; 4.31e-10 s                 ; 3.61e-10 s                 ; Yes                       ; Yes                       ;
; ~ALTERA_nCEO~ ; 2.5 V        ; 0 s                 ; 0 s                 ; 2.32 V                       ; 6.15e-07 V                   ; 2.35 V              ; -0.00712 V          ; 0.093 V                              ; 0.02 V                               ; 6.21e-10 s                  ; 7.9e-10 s                   ; Yes                        ; Yes                        ; 2.32 V                      ; 6.15e-07 V                  ; 2.35 V             ; -0.00712 V         ; 0.093 V                             ; 0.02 V                              ; 6.21e-10 s                 ; 7.9e-10 s                  ; Yes                       ; Yes                       ;
+---------------+--------------+---------------------+---------------------+------------------------------+------------------------------+---------------------+---------------------+--------------------------------------+--------------------------------------+-----------------------------+-----------------------------+----------------------------+----------------------------+-----------------------------+-----------------------------+--------------------+--------------------+-------------------------------------+-------------------------------------+----------------------------+----------------------------+---------------------------+---------------------------+


+--------------------------------------------------------------------------------------------------------------------------------------------------------------------------------------------------------------------------------------------------------------------------------------------------------------------------------------------------------------------------------------------------------------------------------------------------------------------------------------------------------------------------------------------------------------------------------------------------------------------------------------------------------------------------------------------+
; Signal Integrity Metrics (Fast 1200mv 0c Model)                                                                                                                                                                                                                                                                                                                                                                                                                                                                                                                                                                                                                                            ;
+---------------+--------------+---------------------+---------------------+------------------------------+------------------------------+---------------------+---------------------+--------------------------------------+--------------------------------------+-----------------------------+-----------------------------+----------------------------+----------------------------+-----------------------------+-----------------------------+--------------------+--------------------+-------------------------------------+-------------------------------------+----------------------------+----------------------------+---------------------------+---------------------------+
; Pin           ; I/O Standard ; Board Delay on Rise ; Board Delay on Fall ; Steady State Voh at FPGA Pin ; Steady State Vol at FPGA Pin ; Voh Max at FPGA Pin ; Vol Min at FPGA Pin ; Ringback Voltage on Rise at FPGA Pin ; Ringback Voltage on Fall at FPGA Pin ; 10-90 Rise Time at FPGA Pin ; 90-10 Fall Time at FPGA Pin ; Monotonic Rise at FPGA Pin ; Monotonic Fall at FPGA Pin ; Steady State Voh at Far-end ; Steady State Vol at Far-end ; Voh Max at Far-end ; Vol Min at Far-end ; Ringback Voltage on Rise at Far-end ; Ringback Voltage on Fall at Far-end ; 10-90 Rise Time at Far-end ; 90-10 Fall Time at Far-end ; Monotonic Rise at Far-end ; Monotonic Fall at Far-end ;
+---------------+--------------+---------------------+---------------------+------------------------------+------------------------------+---------------------+---------------------+--------------------------------------+--------------------------------------+-----------------------------+-----------------------------+----------------------------+----------------------------+-----------------------------+-----------------------------+--------------------+--------------------+-------------------------------------+-------------------------------------+----------------------------+----------------------------+---------------------------+---------------------------+
; oALUOut[0]    ; 2.5 V        ; 0 s                 ; 0 s                 ; 2.62 V                       ; 4.05e-08 V                   ; 2.72 V              ; -0.0349 V           ; 0.173 V                              ; 0.1 V                                ; 2.72e-10 s                  ; 2.69e-10 s                  ; Yes                        ; Yes                        ; 2.62 V                      ; 4.05e-08 V                  ; 2.72 V             ; -0.0349 V          ; 0.173 V                             ; 0.1 V                               ; 2.72e-10 s                 ; 2.69e-10 s                 ; Yes                       ; Yes                       ;
; oALUOut[1]    ; 2.5 V        ; 0 s                 ; 0 s                 ; 2.62 V                       ; 2.74e-08 V                   ; 2.71 V              ; -0.0317 V           ; 0.148 V                              ; 0.064 V                              ; 4.51e-10 s                  ; 4.15e-10 s                  ; No                         ; Yes                        ; 2.62 V                      ; 2.74e-08 V                  ; 2.71 V             ; -0.0317 V          ; 0.148 V                             ; 0.064 V                             ; 4.51e-10 s                 ; 4.15e-10 s                 ; No                        ; Yes                       ;
; oALUOut[2]    ; 2.5 V        ; 0 s                 ; 0 s                 ; 2.62 V                       ; 2.74e-08 V                   ; 2.71 V              ; -0.0317 V           ; 0.148 V                              ; 0.064 V                              ; 4.51e-10 s                  ; 4.15e-10 s                  ; No                         ; Yes                        ; 2.62 V                      ; 2.74e-08 V                  ; 2.71 V             ; -0.0317 V          ; 0.148 V                             ; 0.064 V                             ; 4.51e-10 s                 ; 4.15e-10 s                 ; No                        ; Yes                       ;
; oALUOut[3]    ; 2.5 V        ; 0 s                 ; 0 s                 ; 2.62 V                       ; 2.74e-08 V                   ; 2.71 V              ; -0.0317 V           ; 0.148 V                              ; 0.064 V                              ; 4.51e-10 s                  ; 4.15e-10 s                  ; No                         ; Yes                        ; 2.62 V                      ; 2.74e-08 V                  ; 2.71 V             ; -0.0317 V          ; 0.148 V                             ; 0.064 V                             ; 4.51e-10 s                 ; 4.15e-10 s                 ; No                        ; Yes                       ;
; oALUOut[4]    ; 2.5 V        ; 0 s                 ; 0 s                 ; 2.62 V                       ; 2.74e-08 V                   ; 2.73 V              ; -0.0384 V           ; 0.169 V                              ; 0.089 V                              ; 2.7e-10 s                   ; 2.62e-10 s                  ; Yes                        ; Yes                        ; 2.62 V                      ; 2.74e-08 V                  ; 2.73 V             ; -0.0384 V          ; 0.169 V                             ; 0.089 V                             ; 2.7e-10 s                  ; 2.62e-10 s                 ; Yes                       ; Yes                       ;
; oALUOut[5]    ; 2.5 V        ; 0 s                 ; 0 s                 ; 2.62 V                       ; 2.74e-08 V                   ; 2.71 V              ; -0.0317 V           ; 0.148 V                              ; 0.064 V                              ; 4.51e-10 s                  ; 4.15e-10 s                  ; No                         ; Yes                        ; 2.62 V                      ; 2.74e-08 V                  ; 2.71 V             ; -0.0317 V          ; 0.148 V                             ; 0.064 V                             ; 4.51e-10 s                 ; 4.15e-10 s                 ; No                        ; Yes                       ;
; oALUOut[6]    ; 2.5 V        ; 0 s                 ; 0 s                 ; 2.62 V                       ; 2.74e-08 V                   ; 2.71 V              ; -0.0317 V           ; 0.148 V                              ; 0.064 V                              ; 4.51e-10 s                  ; 4.15e-10 s                  ; No                         ; Yes                        ; 2.62 V                      ; 2.74e-08 V                  ; 2.71 V             ; -0.0317 V          ; 0.148 V                             ; 0.064 V                             ; 4.51e-10 s                 ; 4.15e-10 s                 ; No                        ; Yes                       ;
; oALUOut[7]    ; 2.5 V        ; 0 s                 ; 0 s                 ; 2.62 V                       ; 2.74e-08 V                   ; 2.71 V              ; -0.0317 V           ; 0.148 V                              ; 0.064 V                              ; 4.51e-10 s                  ; 4.15e-10 s                  ; No                         ; Yes                        ; 2.62 V                      ; 2.74e-08 V                  ; 2.71 V             ; -0.0317 V          ; 0.148 V                             ; 0.064 V                             ; 4.51e-10 s                 ; 4.15e-10 s                 ; No                        ; Yes                       ;
; oALUOut[8]    ; 2.5 V        ; 0 s                 ; 0 s                 ; 2.62 V                       ; 2.74e-08 V                   ; 2.71 V              ; -0.0317 V           ; 0.148 V                              ; 0.064 V                              ; 4.51e-10 s                  ; 4.15e-10 s                  ; No                         ; Yes                        ; 2.62 V                      ; 2.74e-08 V                  ; 2.71 V             ; -0.0317 V          ; 0.148 V                             ; 0.064 V                             ; 4.51e-10 s                 ; 4.15e-10 s                 ; No                        ; Yes                       ;
; oALUOut[9]    ; 2.5 V        ; 0 s                 ; 0 s                 ; 2.62 V                       ; 4.05e-08 V                   ; 2.72 V              ; -0.0349 V           ; 0.173 V                              ; 0.1 V                                ; 2.72e-10 s                  ; 2.69e-10 s                  ; Yes                        ; Yes                        ; 2.62 V                      ; 4.05e-08 V                  ; 2.72 V             ; -0.0349 V          ; 0.173 V                             ; 0.1 V                               ; 2.72e-10 s                 ; 2.69e-10 s                 ; Yes                       ; Yes                       ;
; oALUOut[10]   ; 2.5 V        ; 0 s                 ; 0 s                 ; 2.62 V                       ; 4.05e-08 V                   ; 2.72 V              ; -0.0349 V           ; 0.173 V                              ; 0.1 V                                ; 2.72e-10 s                  ; 2.69e-10 s                  ; Yes                        ; Yes                        ; 2.62 V                      ; 4.05e-08 V                  ; 2.72 V             ; -0.0349 V          ; 0.173 V                             ; 0.1 V                               ; 2.72e-10 s                 ; 2.69e-10 s                 ; Yes                       ; Yes                       ;
; oALUOut[11]   ; 2.5 V        ; 0 s                 ; 0 s                 ; 2.62 V                       ; 2.74e-08 V                   ; 2.71 V              ; -0.0317 V           ; 0.148 V                              ; 0.064 V                              ; 4.51e-10 s                  ; 4.15e-10 s                  ; No                         ; Yes                        ; 2.62 V                      ; 2.74e-08 V                  ; 2.71 V             ; -0.0317 V          ; 0.148 V                             ; 0.064 V                             ; 4.51e-10 s                 ; 4.15e-10 s                 ; No                        ; Yes                       ;
; oALUOut[12]   ; 2.5 V        ; 0 s                 ; 0 s                 ; 2.62 V                       ; 4.05e-08 V                   ; 2.72 V              ; -0.0349 V           ; 0.173 V                              ; 0.1 V                                ; 2.72e-10 s                  ; 2.69e-10 s                  ; Yes                        ; Yes                        ; 2.62 V                      ; 4.05e-08 V                  ; 2.72 V             ; -0.0349 V          ; 0.173 V                             ; 0.1 V                               ; 2.72e-10 s                 ; 2.69e-10 s                 ; Yes                       ; Yes                       ;
; oALUOut[13]   ; 2.5 V        ; 0 s                 ; 0 s                 ; 2.62 V                       ; 4.05e-08 V                   ; 2.72 V              ; -0.0349 V           ; 0.173 V                              ; 0.1 V                                ; 2.72e-10 s                  ; 2.69e-10 s                  ; Yes                        ; Yes                        ; 2.62 V                      ; 4.05e-08 V                  ; 2.72 V             ; -0.0349 V          ; 0.173 V                             ; 0.1 V                               ; 2.72e-10 s                 ; 2.69e-10 s                 ; Yes                       ; Yes                       ;
; oALUOut[14]   ; 2.5 V        ; 0 s                 ; 0 s                 ; 2.62 V                       ; 4.05e-08 V                   ; 2.72 V              ; -0.0349 V           ; 0.173 V                              ; 0.1 V                                ; 2.72e-10 s                  ; 2.69e-10 s                  ; Yes                        ; Yes                        ; 2.62 V                      ; 4.05e-08 V                  ; 2.72 V             ; -0.0349 V          ; 0.173 V                             ; 0.1 V                               ; 2.72e-10 s                 ; 2.69e-10 s                 ; Yes                       ; Yes                       ;
; oALUOut[15]   ; 2.5 V        ; 0 s                 ; 0 s                 ; 2.62 V                       ; 4.05e-08 V                   ; 2.72 V              ; -0.0349 V           ; 0.173 V                              ; 0.1 V                                ; 2.72e-10 s                  ; 2.69e-10 s                  ; Yes                        ; Yes                        ; 2.62 V                      ; 4.05e-08 V                  ; 2.72 V             ; -0.0349 V          ; 0.173 V                             ; 0.1 V                               ; 2.72e-10 s                 ; 2.69e-10 s                 ; Yes                       ; Yes                       ;
; oALUOut[16]   ; 2.5 V        ; 0 s                 ; 0 s                 ; 2.62 V                       ; 4.05e-08 V                   ; 2.72 V              ; -0.0349 V           ; 0.173 V                              ; 0.1 V                                ; 2.72e-10 s                  ; 2.69e-10 s                  ; Yes                        ; Yes                        ; 2.62 V                      ; 4.05e-08 V                  ; 2.72 V             ; -0.0349 V          ; 0.173 V                             ; 0.1 V                               ; 2.72e-10 s                 ; 2.69e-10 s                 ; Yes                       ; Yes                       ;
; oALUOut[17]   ; 2.5 V        ; 0 s                 ; 0 s                 ; 2.62 V                       ; 4.05e-08 V                   ; 2.72 V              ; -0.0349 V           ; 0.173 V                              ; 0.1 V                                ; 2.72e-10 s                  ; 2.69e-10 s                  ; Yes                        ; Yes                        ; 2.62 V                      ; 4.05e-08 V                  ; 2.72 V             ; -0.0349 V          ; 0.173 V                             ; 0.1 V                               ; 2.72e-10 s                 ; 2.69e-10 s                 ; Yes                       ; Yes                       ;
; oALUOut[18]   ; 2.5 V        ; 0 s                 ; 0 s                 ; 2.62 V                       ; 4.05e-08 V                   ; 2.72 V              ; -0.0349 V           ; 0.173 V                              ; 0.1 V                                ; 2.72e-10 s                  ; 2.69e-10 s                  ; Yes                        ; Yes                        ; 2.62 V                      ; 4.05e-08 V                  ; 2.72 V             ; -0.0349 V          ; 0.173 V                             ; 0.1 V                               ; 2.72e-10 s                 ; 2.69e-10 s                 ; Yes                       ; Yes                       ;
; oALUOut[19]   ; 2.5 V        ; 0 s                 ; 0 s                 ; 2.62 V                       ; 4.05e-08 V                   ; 2.72 V              ; -0.0349 V           ; 0.173 V                              ; 0.1 V                                ; 2.72e-10 s                  ; 2.69e-10 s                  ; Yes                        ; Yes                        ; 2.62 V                      ; 4.05e-08 V                  ; 2.72 V             ; -0.0349 V          ; 0.173 V                             ; 0.1 V                               ; 2.72e-10 s                 ; 2.69e-10 s                 ; Yes                       ; Yes                       ;
; oALUOut[20]   ; 2.5 V        ; 0 s                 ; 0 s                 ; 2.62 V                       ; 4.05e-08 V                   ; 2.72 V              ; -0.0349 V           ; 0.173 V                              ; 0.1 V                                ; 2.72e-10 s                  ; 2.69e-10 s                  ; Yes                        ; Yes                        ; 2.62 V                      ; 4.05e-08 V                  ; 2.72 V             ; -0.0349 V          ; 0.173 V                             ; 0.1 V                               ; 2.72e-10 s                 ; 2.69e-10 s                 ; Yes                       ; Yes                       ;
; oALUOut[21]   ; 2.5 V        ; 0 s                 ; 0 s                 ; 2.62 V                       ; 4.05e-08 V                   ; 2.72 V              ; -0.0349 V           ; 0.173 V                              ; 0.1 V                                ; 2.72e-10 s                  ; 2.69e-10 s                  ; Yes                        ; Yes                        ; 2.62 V                      ; 4.05e-08 V                  ; 2.72 V             ; -0.0349 V          ; 0.173 V                             ; 0.1 V                               ; 2.72e-10 s                 ; 2.69e-10 s                 ; Yes                       ; Yes                       ;
; oALUOut[22]   ; 2.5 V        ; 0 s                 ; 0 s                 ; 2.62 V                       ; 4.05e-08 V                   ; 2.72 V              ; -0.0349 V           ; 0.173 V                              ; 0.1 V                                ; 2.72e-10 s                  ; 2.69e-10 s                  ; Yes                        ; Yes                        ; 2.62 V                      ; 4.05e-08 V                  ; 2.72 V             ; -0.0349 V          ; 0.173 V                             ; 0.1 V                               ; 2.72e-10 s                 ; 2.69e-10 s                 ; Yes                       ; Yes                       ;
; oALUOut[23]   ; 2.5 V        ; 0 s                 ; 0 s                 ; 2.62 V                       ; 4.05e-08 V                   ; 2.72 V              ; -0.0349 V           ; 0.173 V                              ; 0.1 V                                ; 2.72e-10 s                  ; 2.69e-10 s                  ; Yes                        ; Yes                        ; 2.62 V                      ; 4.05e-08 V                  ; 2.72 V             ; -0.0349 V          ; 0.173 V                             ; 0.1 V                               ; 2.72e-10 s                 ; 2.69e-10 s                 ; Yes                       ; Yes                       ;
; oALUOut[24]   ; 2.5 V        ; 0 s                 ; 0 s                 ; 2.62 V                       ; 4.05e-08 V                   ; 2.72 V              ; -0.0349 V           ; 0.173 V                              ; 0.1 V                                ; 2.72e-10 s                  ; 2.69e-10 s                  ; Yes                        ; Yes                        ; 2.62 V                      ; 4.05e-08 V                  ; 2.72 V             ; -0.0349 V          ; 0.173 V                             ; 0.1 V                               ; 2.72e-10 s                 ; 2.69e-10 s                 ; Yes                       ; Yes                       ;
; oALUOut[25]   ; 2.5 V        ; 0 s                 ; 0 s                 ; 2.62 V                       ; 4.05e-08 V                   ; 2.72 V              ; -0.0349 V           ; 0.173 V                              ; 0.1 V                                ; 2.72e-10 s                  ; 2.69e-10 s                  ; Yes                        ; Yes                        ; 2.62 V                      ; 4.05e-08 V                  ; 2.72 V             ; -0.0349 V          ; 0.173 V                             ; 0.1 V                               ; 2.72e-10 s                 ; 2.69e-10 s                 ; Yes                       ; Yes                       ;
; oALUOut[26]   ; 2.5 V        ; 0 s                 ; 0 s                 ; 2.62 V                       ; 4.05e-08 V                   ; 2.72 V              ; -0.0349 V           ; 0.173 V                              ; 0.1 V                                ; 2.72e-10 s                  ; 2.69e-10 s                  ; Yes                        ; Yes                        ; 2.62 V                      ; 4.05e-08 V                  ; 2.72 V             ; -0.0349 V          ; 0.173 V                             ; 0.1 V                               ; 2.72e-10 s                 ; 2.69e-10 s                 ; Yes                       ; Yes                       ;
; oALUOut[27]   ; 2.5 V        ; 0 s                 ; 0 s                 ; 2.62 V                       ; 4.05e-08 V                   ; 2.72 V              ; -0.0349 V           ; 0.173 V                              ; 0.1 V                                ; 2.72e-10 s                  ; 2.69e-10 s                  ; Yes                        ; Yes                        ; 2.62 V                      ; 4.05e-08 V                  ; 2.72 V             ; -0.0349 V          ; 0.173 V                             ; 0.1 V                               ; 2.72e-10 s                 ; 2.69e-10 s                 ; Yes                       ; Yes                       ;
; oALUOut[28]   ; 2.5 V        ; 0 s                 ; 0 s                 ; 2.62 V                       ; 4.05e-08 V                   ; 2.72 V              ; -0.0349 V           ; 0.173 V                              ; 0.1 V                                ; 2.72e-10 s                  ; 2.69e-10 s                  ; Yes                        ; Yes                        ; 2.62 V                      ; 4.05e-08 V                  ; 2.72 V             ; -0.0349 V          ; 0.173 V                             ; 0.1 V                               ; 2.72e-10 s                 ; 2.69e-10 s                 ; Yes                       ; Yes                       ;
; oALUOut[29]   ; 2.5 V        ; 0 s                 ; 0 s                 ; 2.62 V                       ; 4.05e-08 V                   ; 2.72 V              ; -0.0349 V           ; 0.173 V                              ; 0.1 V                                ; 2.72e-10 s                  ; 2.69e-10 s                  ; Yes                        ; Yes                        ; 2.62 V                      ; 4.05e-08 V                  ; 2.72 V             ; -0.0349 V          ; 0.173 V                             ; 0.1 V                               ; 2.72e-10 s                 ; 2.69e-10 s                 ; Yes                       ; Yes                       ;
; oALUOut[30]   ; 2.5 V        ; 0 s                 ; 0 s                 ; 2.62 V                       ; 4.05e-08 V                   ; 2.72 V              ; -0.0349 V           ; 0.173 V                              ; 0.1 V                                ; 2.72e-10 s                  ; 2.69e-10 s                  ; Yes                        ; Yes                        ; 2.62 V                      ; 4.05e-08 V                  ; 2.72 V             ; -0.0349 V          ; 0.173 V                             ; 0.1 V                               ; 2.72e-10 s                 ; 2.69e-10 s                 ; Yes                       ; Yes                       ;
; oALUOut[31]   ; 2.5 V        ; 0 s                 ; 0 s                 ; 2.62 V                       ; 4.05e-08 V                   ; 2.72 V              ; -0.0349 V           ; 0.173 V                              ; 0.1 V                                ; 2.72e-10 s                  ; 2.69e-10 s                  ; Yes                        ; Yes                        ; 2.62 V                      ; 4.05e-08 V                  ; 2.72 V             ; -0.0349 V          ; 0.173 V                             ; 0.1 V                               ; 2.72e-10 s                 ; 2.69e-10 s                 ; Yes                       ; Yes                       ;
; ~ALTERA_DCLK~ ; 2.5 V        ; 0 s                 ; 0 s                 ; 2.62 V                       ; 2.22e-08 V                   ; 2.74 V              ; -0.06 V             ; 0.158 V                              ; 0.08 V                               ; 2.68e-10 s                  ; 2.19e-10 s                  ; Yes                        ; Yes                        ; 2.62 V                      ; 2.22e-08 V                  ; 2.74 V             ; -0.06 V            ; 0.158 V                             ; 0.08 V                              ; 2.68e-10 s                 ; 2.19e-10 s                 ; Yes                       ; Yes                       ;
; ~ALTERA_nCEO~ ; 2.5 V        ; 0 s                 ; 0 s                 ; 2.62 V                       ; 3.54e-08 V                   ; 2.7 V               ; -0.00943 V          ; 0.276 V                              ; 0.035 V                              ; 3.19e-10 s                  ; 4.99e-10 s                  ; No                         ; Yes                        ; 2.62 V                      ; 3.54e-08 V                  ; 2.7 V              ; -0.00943 V         ; 0.276 V                             ; 0.035 V                             ; 3.19e-10 s                 ; 4.99e-10 s                 ; No                        ; Yes                       ;
+---------------+--------------+---------------------+---------------------+------------------------------+------------------------------+---------------------+---------------------+--------------------------------------+--------------------------------------+-----------------------------+-----------------------------+----------------------------+----------------------------+-----------------------------+-----------------------------+--------------------+--------------------+-------------------------------------+-------------------------------------+----------------------------+----------------------------+---------------------------+---------------------------+


+--------------------------------------------------------------------+
; Setup Transfers                                                    ;
+------------+----------+-----------+----------+----------+----------+
; From Clock ; To Clock ; RR Paths  ; FR Paths ; RF Paths ; FF Paths ;
+------------+----------+-----------+----------+----------+----------+
; iCLK       ; iCLK     ; 635679589 ; 0        ; 0        ; 0        ;
+------------+----------+-----------+----------+----------+----------+
Entries labeled "false path" only account for clock-to-clock false paths and not path-based false paths. As a result, actual path counts may be lower than reported.


+--------------------------------------------------------------------+
; Hold Transfers                                                     ;
+------------+----------+-----------+----------+----------+----------+
; From Clock ; To Clock ; RR Paths  ; FR Paths ; RF Paths ; FF Paths ;
+------------+----------+-----------+----------+----------+----------+
; iCLK       ; iCLK     ; 635679589 ; 0        ; 0        ; 0        ;
+------------+----------+-----------+----------+----------+----------+
Entries labeled "false path" only account for clock-to-clock false paths and not path-based false paths. As a result, actual path counts may be lower than reported.


---------------
; Report TCCS ;
---------------
No dedicated SERDES Transmitter circuitry present in device or used in design


---------------
; Report RSKM ;
---------------
No non-DPA dedicated SERDES Receiver circuitry present in device or used in design


+---------------------------------------------------+
; Unconstrained Paths Summary                       ;
+---------------------------------+--------+--------+
; Property                        ; Setup  ; Hold   ;
+---------------------------------+--------+--------+
; Illegal Clocks                  ; 0      ; 0      ;
; Unconstrained Clocks            ; 0      ; 0      ;
; Unconstrained Input Ports       ; 44     ; 44     ;
; Unconstrained Input Port Paths  ; 395148 ; 395148 ;
; Unconstrained Output Ports      ; 32     ; 32     ;
; Unconstrained Output Port Paths ; 2411   ; 2411   ;
+---------------------------------+--------+--------+


+-------------------------------------+
; Clock Status Summary                ;
+--------+-------+------+-------------+
; Target ; Clock ; Type ; Status      ;
+--------+-------+------+-------------+
; iCLK   ; iCLK  ; Base ; Constrained ;
+--------+-------+------+-------------+


+------------------------------------------------------------------------------------------------------+
; Unconstrained Input Ports                                                                            ;
+---------------+--------------------------------------------------------------------------------------+
; Input Port    ; Comment                                                                              ;
+---------------+--------------------------------------------------------------------------------------+
; iInstAddr[2]  ; No input delay, min/max delays, false-path exceptions, or max skew assignments found ;
; iInstAddr[3]  ; No input delay, min/max delays, false-path exceptions, or max skew assignments found ;
; iInstAddr[4]  ; No input delay, min/max delays, false-path exceptions, or max skew assignments found ;
; iInstAddr[5]  ; No input delay, min/max delays, false-path exceptions, or max skew assignments found ;
; iInstAddr[6]  ; No input delay, min/max delays, false-path exceptions, or max skew assignments found ;
; iInstAddr[7]  ; No input delay, min/max delays, false-path exceptions, or max skew assignments found ;
; iInstAddr[8]  ; No input delay, min/max delays, false-path exceptions, or max skew assignments found ;
; iInstAddr[9]  ; No input delay, min/max delays, false-path exceptions, or max skew assignments found ;
; iInstAddr[10] ; No input delay, min/max delays, false-path exceptions, or max skew assignments found ;
; iInstAddr[11] ; No input delay, min/max delays, false-path exceptions, or max skew assignments found ;
; iInstExt[0]   ; No input delay, min/max delays, false-path exceptions, or max skew assignments found ;
; iInstExt[1]   ; No input delay, min/max delays, false-path exceptions, or max skew assignments found ;
; iInstExt[2]   ; No input delay, min/max delays, false-path exceptions, or max skew assignments found ;
; iInstExt[3]   ; No input delay, min/max delays, false-path exceptions, or max skew assignments found ;
; iInstExt[4]   ; No input delay, min/max delays, false-path exceptions, or max skew assignments found ;
; iInstExt[5]   ; No input delay, min/max delays, false-path exceptions, or max skew assignments found ;
; iInstExt[6]   ; No input delay, min/max delays, false-path exceptions, or max skew assignments found ;
; iInstExt[7]   ; No input delay, min/max delays, false-path exceptions, or max skew assignments found ;
; iInstExt[8]   ; No input delay, min/max delays, false-path exceptions, or max skew assignments found ;
; iInstExt[9]   ; No input delay, min/max delays, false-path exceptions, or max skew assignments found ;
; iInstExt[10]  ; No input delay, min/max delays, false-path exceptions, or max skew assignments found ;
; iInstExt[11]  ; No input delay, min/max delays, false-path exceptions, or max skew assignments found ;
; iInstExt[12]  ; No input delay, min/max delays, false-path exceptions, or max skew assignments found ;
; iInstExt[13]  ; No input delay, min/max delays, false-path exceptions, or max skew assignments found ;
; iInstExt[14]  ; No input delay, min/max delays, false-path exceptions, or max skew assignments found ;
; iInstExt[15]  ; No input delay, min/max delays, false-path exceptions, or max skew assignments found ;
; iInstExt[16]  ; No input delay, min/max delays, false-path exceptions, or max skew assignments found ;
; iInstExt[17]  ; No input delay, min/max delays, false-path exceptions, or max skew assignments found ;
; iInstExt[18]  ; No input delay, min/max delays, false-path exceptions, or max skew assignments found ;
; iInstExt[19]  ; No input delay, min/max delays, false-path exceptions, or max skew assignments found ;
; iInstExt[20]  ; No input delay, min/max delays, false-path exceptions, or max skew assignments found ;
; iInstExt[21]  ; No input delay, min/max delays, false-path exceptions, or max skew assignments found ;
; iInstExt[22]  ; No input delay, min/max delays, false-path exceptions, or max skew assignments found ;
; iInstExt[23]  ; No input delay, min/max delays, false-path exceptions, or max skew assignments found ;
; iInstExt[24]  ; No input delay, min/max delays, false-path exceptions, or max skew assignments found ;
; iInstExt[25]  ; No input delay, min/max delays, false-path exceptions, or max skew assignments found ;
; iInstExt[26]  ; No input delay, min/max delays, false-path exceptions, or max skew assignments found ;
; iInstExt[27]  ; No input delay, min/max delays, false-path exceptions, or max skew assignments found ;
; iInstExt[28]  ; No input delay, min/max delays, false-path exceptions, or max skew assignments found ;
; iInstExt[29]  ; No input delay, min/max delays, false-path exceptions, or max skew assignments found ;
; iInstExt[30]  ; No input delay, min/max delays, false-path exceptions, or max skew assignments found ;
; iInstExt[31]  ; No input delay, min/max delays, false-path exceptions, or max skew assignments found ;
; iInstLd       ; No input delay, min/max delays, false-path exceptions, or max skew assignments found ;
; iRST          ; No input delay, min/max delays, false-path exceptions, or max skew assignments found ;
+---------------+--------------------------------------------------------------------------------------+


+-----------------------------------------------------------------------------------------------------+
; Unconstrained Output Ports                                                                          ;
+-------------+---------------------------------------------------------------------------------------+
; Output Port ; Comment                                                                               ;
+-------------+---------------------------------------------------------------------------------------+
; oALUOut[0]  ; No output delay, min/max delays, false-path exceptions, or max skew assignments found ;
; oALUOut[1]  ; No output delay, min/max delays, false-path exceptions, or max skew assignments found ;
; oALUOut[2]  ; No output delay, min/max delays, false-path exceptions, or max skew assignments found ;
; oALUOut[3]  ; No output delay, min/max delays, false-path exceptions, or max skew assignments found ;
; oALUOut[4]  ; No output delay, min/max delays, false-path exceptions, or max skew assignments found ;
; oALUOut[5]  ; No output delay, min/max delays, false-path exceptions, or max skew assignments found ;
; oALUOut[6]  ; No output delay, min/max delays, false-path exceptions, or max skew assignments found ;
; oALUOut[7]  ; No output delay, min/max delays, false-path exceptions, or max skew assignments found ;
; oALUOut[8]  ; No output delay, min/max delays, false-path exceptions, or max skew assignments found ;
; oALUOut[9]  ; No output delay, min/max delays, false-path exceptions, or max skew assignments found ;
; oALUOut[10] ; No output delay, min/max delays, false-path exceptions, or max skew assignments found ;
; oALUOut[11] ; No output delay, min/max delays, false-path exceptions, or max skew assignments found ;
; oALUOut[12] ; No output delay, min/max delays, false-path exceptions, or max skew assignments found ;
; oALUOut[13] ; No output delay, min/max delays, false-path exceptions, or max skew assignments found ;
; oALUOut[14] ; No output delay, min/max delays, false-path exceptions, or max skew assignments found ;
; oALUOut[15] ; No output delay, min/max delays, false-path exceptions, or max skew assignments found ;
; oALUOut[16] ; No output delay, min/max delays, false-path exceptions, or max skew assignments found ;
; oALUOut[17] ; No output delay, min/max delays, false-path exceptions, or max skew assignments found ;
; oALUOut[18] ; No output delay, min/max delays, false-path exceptions, or max skew assignments found ;
; oALUOut[19] ; No output delay, min/max delays, false-path exceptions, or max skew assignments found ;
; oALUOut[20] ; No output delay, min/max delays, false-path exceptions, or max skew assignments found ;
; oALUOut[21] ; No output delay, min/max delays, false-path exceptions, or max skew assignments found ;
; oALUOut[22] ; No output delay, min/max delays, false-path exceptions, or max skew assignments found ;
; oALUOut[23] ; No output delay, min/max delays, false-path exceptions, or max skew assignments found ;
; oALUOut[24] ; No output delay, min/max delays, false-path exceptions, or max skew assignments found ;
; oALUOut[25] ; No output delay, min/max delays, false-path exceptions, or max skew assignments found ;
; oALUOut[26] ; No output delay, min/max delays, false-path exceptions, or max skew assignments found ;
; oALUOut[27] ; No output delay, min/max delays, false-path exceptions, or max skew assignments found ;
; oALUOut[28] ; No output delay, min/max delays, false-path exceptions, or max skew assignments found ;
; oALUOut[29] ; No output delay, min/max delays, false-path exceptions, or max skew assignments found ;
; oALUOut[30] ; No output delay, min/max delays, false-path exceptions, or max skew assignments found ;
; oALUOut[31] ; No output delay, min/max delays, false-path exceptions, or max skew assignments found ;
+-------------+---------------------------------------------------------------------------------------+


+------------------------------------------------------------------------------------------------------+
; Unconstrained Input Ports                                                                            ;
+---------------+--------------------------------------------------------------------------------------+
; Input Port    ; Comment                                                                              ;
+---------------+--------------------------------------------------------------------------------------+
; iInstAddr[2]  ; No input delay, min/max delays, false-path exceptions, or max skew assignments found ;
; iInstAddr[3]  ; No input delay, min/max delays, false-path exceptions, or max skew assignments found ;
; iInstAddr[4]  ; No input delay, min/max delays, false-path exceptions, or max skew assignments found ;
; iInstAddr[5]  ; No input delay, min/max delays, false-path exceptions, or max skew assignments found ;
; iInstAddr[6]  ; No input delay, min/max delays, false-path exceptions, or max skew assignments found ;
; iInstAddr[7]  ; No input delay, min/max delays, false-path exceptions, or max skew assignments found ;
; iInstAddr[8]  ; No input delay, min/max delays, false-path exceptions, or max skew assignments found ;
; iInstAddr[9]  ; No input delay, min/max delays, false-path exceptions, or max skew assignments found ;
; iInstAddr[10] ; No input delay, min/max delays, false-path exceptions, or max skew assignments found ;
; iInstAddr[11] ; No input delay, min/max delays, false-path exceptions, or max skew assignments found ;
; iInstExt[0]   ; No input delay, min/max delays, false-path exceptions, or max skew assignments found ;
; iInstExt[1]   ; No input delay, min/max delays, false-path exceptions, or max skew assignments found ;
; iInstExt[2]   ; No input delay, min/max delays, false-path exceptions, or max skew assignments found ;
; iInstExt[3]   ; No input delay, min/max delays, false-path exceptions, or max skew assignments found ;
; iInstExt[4]   ; No input delay, min/max delays, false-path exceptions, or max skew assignments found ;
; iInstExt[5]   ; No input delay, min/max delays, false-path exceptions, or max skew assignments found ;
; iInstExt[6]   ; No input delay, min/max delays, false-path exceptions, or max skew assignments found ;
; iInstExt[7]   ; No input delay, min/max delays, false-path exceptions, or max skew assignments found ;
; iInstExt[8]   ; No input delay, min/max delays, false-path exceptions, or max skew assignments found ;
; iInstExt[9]   ; No input delay, min/max delays, false-path exceptions, or max skew assignments found ;
; iInstExt[10]  ; No input delay, min/max delays, false-path exceptions, or max skew assignments found ;
; iInstExt[11]  ; No input delay, min/max delays, false-path exceptions, or max skew assignments found ;
; iInstExt[12]  ; No input delay, min/max delays, false-path exceptions, or max skew assignments found ;
; iInstExt[13]  ; No input delay, min/max delays, false-path exceptions, or max skew assignments found ;
; iInstExt[14]  ; No input delay, min/max delays, false-path exceptions, or max skew assignments found ;
; iInstExt[15]  ; No input delay, min/max delays, false-path exceptions, or max skew assignments found ;
; iInstExt[16]  ; No input delay, min/max delays, false-path exceptions, or max skew assignments found ;
; iInstExt[17]  ; No input delay, min/max delays, false-path exceptions, or max skew assignments found ;
; iInstExt[18]  ; No input delay, min/max delays, false-path exceptions, or max skew assignments found ;
; iInstExt[19]  ; No input delay, min/max delays, false-path exceptions, or max skew assignments found ;
; iInstExt[20]  ; No input delay, min/max delays, false-path exceptions, or max skew assignments found ;
; iInstExt[21]  ; No input delay, min/max delays, false-path exceptions, or max skew assignments found ;
; iInstExt[22]  ; No input delay, min/max delays, false-path exceptions, or max skew assignments found ;
; iInstExt[23]  ; No input delay, min/max delays, false-path exceptions, or max skew assignments found ;
; iInstExt[24]  ; No input delay, min/max delays, false-path exceptions, or max skew assignments found ;
; iInstExt[25]  ; No input delay, min/max delays, false-path exceptions, or max skew assignments found ;
; iInstExt[26]  ; No input delay, min/max delays, false-path exceptions, or max skew assignments found ;
; iInstExt[27]  ; No input delay, min/max delays, false-path exceptions, or max skew assignments found ;
; iInstExt[28]  ; No input delay, min/max delays, false-path exceptions, or max skew assignments found ;
; iInstExt[29]  ; No input delay, min/max delays, false-path exceptions, or max skew assignments found ;
; iInstExt[30]  ; No input delay, min/max delays, false-path exceptions, or max skew assignments found ;
; iInstExt[31]  ; No input delay, min/max delays, false-path exceptions, or max skew assignments found ;
; iInstLd       ; No input delay, min/max delays, false-path exceptions, or max skew assignments found ;
; iRST          ; No input delay, min/max delays, false-path exceptions, or max skew assignments found ;
+---------------+--------------------------------------------------------------------------------------+


+-----------------------------------------------------------------------------------------------------+
; Unconstrained Output Ports                                                                          ;
+-------------+---------------------------------------------------------------------------------------+
; Output Port ; Comment                                                                               ;
+-------------+---------------------------------------------------------------------------------------+
; oALUOut[0]  ; No output delay, min/max delays, false-path exceptions, or max skew assignments found ;
; oALUOut[1]  ; No output delay, min/max delays, false-path exceptions, or max skew assignments found ;
; oALUOut[2]  ; No output delay, min/max delays, false-path exceptions, or max skew assignments found ;
; oALUOut[3]  ; No output delay, min/max delays, false-path exceptions, or max skew assignments found ;
; oALUOut[4]  ; No output delay, min/max delays, false-path exceptions, or max skew assignments found ;
; oALUOut[5]  ; No output delay, min/max delays, false-path exceptions, or max skew assignments found ;
; oALUOut[6]  ; No output delay, min/max delays, false-path exceptions, or max skew assignments found ;
; oALUOut[7]  ; No output delay, min/max delays, false-path exceptions, or max skew assignments found ;
; oALUOut[8]  ; No output delay, min/max delays, false-path exceptions, or max skew assignments found ;
; oALUOut[9]  ; No output delay, min/max delays, false-path exceptions, or max skew assignments found ;
; oALUOut[10] ; No output delay, min/max delays, false-path exceptions, or max skew assignments found ;
; oALUOut[11] ; No output delay, min/max delays, false-path exceptions, or max skew assignments found ;
; oALUOut[12] ; No output delay, min/max delays, false-path exceptions, or max skew assignments found ;
; oALUOut[13] ; No output delay, min/max delays, false-path exceptions, or max skew assignments found ;
; oALUOut[14] ; No output delay, min/max delays, false-path exceptions, or max skew assignments found ;
; oALUOut[15] ; No output delay, min/max delays, false-path exceptions, or max skew assignments found ;
; oALUOut[16] ; No output delay, min/max delays, false-path exceptions, or max skew assignments found ;
; oALUOut[17] ; No output delay, min/max delays, false-path exceptions, or max skew assignments found ;
; oALUOut[18] ; No output delay, min/max delays, false-path exceptions, or max skew assignments found ;
; oALUOut[19] ; No output delay, min/max delays, false-path exceptions, or max skew assignments found ;
; oALUOut[20] ; No output delay, min/max delays, false-path exceptions, or max skew assignments found ;
; oALUOut[21] ; No output delay, min/max delays, false-path exceptions, or max skew assignments found ;
; oALUOut[22] ; No output delay, min/max delays, false-path exceptions, or max skew assignments found ;
; oALUOut[23] ; No output delay, min/max delays, false-path exceptions, or max skew assignments found ;
; oALUOut[24] ; No output delay, min/max delays, false-path exceptions, or max skew assignments found ;
; oALUOut[25] ; No output delay, min/max delays, false-path exceptions, or max skew assignments found ;
; oALUOut[26] ; No output delay, min/max delays, false-path exceptions, or max skew assignments found ;
; oALUOut[27] ; No output delay, min/max delays, false-path exceptions, or max skew assignments found ;
; oALUOut[28] ; No output delay, min/max delays, false-path exceptions, or max skew assignments found ;
; oALUOut[29] ; No output delay, min/max delays, false-path exceptions, or max skew assignments found ;
; oALUOut[30] ; No output delay, min/max delays, false-path exceptions, or max skew assignments found ;
; oALUOut[31] ; No output delay, min/max delays, false-path exceptions, or max skew assignments found ;
+-------------+---------------------------------------------------------------------------------------+


+--------------------------+
; Timing Analyzer Messages ;
+--------------------------+
Info: *******************************************************************
Info: Running Quartus Prime Timing Analyzer
    Info: Version 20.1.1 Build 720 11/11/2020 SJ Standard Edition
    Info: Copyright (C) 2020  Intel Corporation. All rights reserved.
    Info: Your use of Intel Corporation's design tools, logic functions 
    Info: and other software and tools, and any partner logic 
    Info: functions, and any output files from any of the foregoing 
    Info: (including device programming or simulation files), and any 
    Info: associated documentation or information are expressly subject 
    Info: to the terms and conditions of the Intel Program License 
    Info: Subscription Agreement, the Intel Quartus Prime License Agreement,
    Info: the Intel FPGA IP License Agreement, or other applicable license
    Info: agreement, including, without limitation, that your use is for
    Info: the sole purpose of programming logic devices manufactured by
    Info: Intel and sold by Intel or its authorized distributors.  Please
    Info: refer to the applicable agreement for further details, at
    Info: https://fpgasoftware.intel.com/eula.
    Info: Processing started: Tue May  5 16:59:01 2026
Info: Command: quartus_sta --sdc=toolflow.sdc toolflow --do_report_timing
Info: qsta_default_script.tcl version: #1
Warning (18236): Number of processors has not been specified which may cause overloading on shared machines.  Set the global assignment NUM_PARALLEL_PROCESSORS in your QSF to an appropriate value for best performance.
Info (20030): Parallel compilation is enabled and will use 4 of the 4 processors detected
Info (21076): High junction temperature operating condition is not set. Assuming a default value of '85'.
Info (21076): Low junction temperature operating condition is not set. Assuming a default value of '0'.
Info (332104): Reading SDC File: 'toolflow.sdc'
Info: Found TIMING_ANALYZER_REPORT_SCRIPT_INCLUDE_DEFAULT_ANALYSIS = ON
Info: Analyzing Slow 1200mV 85C Model
Critical Warning (332148): Timing requirements not met
    Info (11105): For recommendations on closing timing, run Report Timing Closure Recommendations in the Timing Analyzer.
Info (332146): Worst-case setup slack is -0.814
    Info (332119):     Slack       End Point TNS Clock 
    Info (332119): ========= =================== =====================
    Info (332119):    -0.814             -13.122 iCLK 
Info (332146): Worst-case hold slack is 0.383
    Info (332119):     Slack       End Point TNS Clock 
    Info (332119): ========= =================== =====================
    Info (332119):     0.383               0.000 iCLK 
Info (332140): No Recovery paths to report
Info (332140): No Removal paths to report
Info (332146): Worst-case minimum pulse width slack is 9.745
    Info (332119):     Slack       End Point TNS Clock 
    Info (332119): ========= =================== =====================
    Info (332119):     9.745               0.000 iCLK 
Info (332115): Report Timing: Found 1 setup paths (1 violated).  Worst case slack is -0.814
    Info (332115): -to_clock [get_clocks {iCLK}]
    Info (332115): -setup
    Info (332115): -stdout
Info (332115): Path #1: Setup slack is -0.814 (VIOLATED)
    Info (332115): ===================================================================
    Info (332115): From Node    : ID_EX:IDEX_reg|reg_N:reg_Imm|dffg:\GEN_REG:0:DFFI|s_Q
    Info (332115): To Node      : IF_ID:IFID_reg|reg_N:reg_Inst|dffg:\GEN_REG:10:DFFI|s_Q
    Info (332115): Launch Clock : iCLK
    Info (332115): Latch Clock  : iCLK
    Info (332115): 
    Info (332115): Data Arrival Path:
    Info (332115): 
    Info (332115): Total (ns)  Incr (ns)     Type  Element
    Info (332115): ==========  ========= ==  ====  ===================================
    Info (332115):      0.000      0.000           launch edge time
    Info (332115):      3.110      3.110  R        clock network delay
    Info (332115):      3.342      0.232     uTco  ID_EX:IDEX_reg|reg_N:reg_Imm|dffg:\GEN_REG:0:DFFI|s_Q
    Info (332115):      3.342      0.000 FF  CELL  IDEX_reg|reg_Imm|\GEN_REG:0:DFFI|s_Q|q
    Info (332115):      4.323      0.981 FF    IC  ALUSourceMux|o_O[0]~29|datac
    Info (332115):      4.604      0.281 FF  CELL  ALUSourceMux|o_O[0]~29|combout
    Info (332115):      5.013      0.409 FF    IC  RISCVALU|U_adderSubtractor|U_ADDER|\gen_FA:0:U_FA|AND1|o_F|datad
    Info (332115):      5.163      0.150 FR  CELL  RISCVALU|U_adderSubtractor|U_ADDER|\gen_FA:0:U_FA|AND1|o_F|combout
    Info (332115):      5.389      0.226 RR    IC  RISCVALU|U_adderSubtractor|U_ADDER|\gen_FA:1:U_FA|OR1|o_F~0|datac
    Info (332115):      5.676      0.287 RR  CELL  RISCVALU|U_adderSubtractor|U_ADDER|\gen_FA:1:U_FA|OR1|o_F~0|combout
    Info (332115):      5.905      0.229 RR    IC  RISCVALU|U_adderSubtractor|U_ADDER|\gen_FA:2:U_FA|OR1|o_F~0|datad
    Info (332115):      6.060      0.155 RR  CELL  RISCVALU|U_adderSubtractor|U_ADDER|\gen_FA:2:U_FA|OR1|o_F~0|combout
    Info (332115):      6.287      0.227 RR    IC  RISCVALU|U_adderSubtractor|U_ADDER|\gen_FA:3:U_FA|OR1|o_F~0|datad
    Info (332115):      6.442      0.155 RR  CELL  RISCVALU|U_adderSubtractor|U_ADDER|\gen_FA:3:U_FA|OR1|o_F~0|combout
    Info (332115):      6.877      0.435 RR    IC  RISCVALU|U_adderSubtractor|U_ADDER|\gen_FA:4:U_FA|OR1|o_F~0|datad
    Info (332115):      7.032      0.155 RR  CELL  RISCVALU|U_adderSubtractor|U_ADDER|\gen_FA:4:U_FA|OR1|o_F~0|combout
    Info (332115):      7.256      0.224 RR    IC  RISCVALU|U_adderSubtractor|U_ADDER|\gen_FA:5:U_FA|OR1|o_F~0|datac
    Info (332115):      7.543      0.287 RR  CELL  RISCVALU|U_adderSubtractor|U_ADDER|\gen_FA:5:U_FA|OR1|o_F~0|combout
    Info (332115):      7.771      0.228 RR    IC  RISCVALU|U_adderSubtractor|U_ADDER|\gen_FA:6:U_FA|OR1|o_F~0|datad
    Info (332115):      7.926      0.155 RR  CELL  RISCVALU|U_adderSubtractor|U_ADDER|\gen_FA:6:U_FA|OR1|o_F~0|combout
    Info (332115):      8.153      0.227 RR    IC  RISCVALU|U_adderSubtractor|U_ADDER|\gen_FA:7:U_FA|OR1|o_F~0|datad
    Info (332115):      8.308      0.155 RR  CELL  RISCVALU|U_adderSubtractor|U_ADDER|\gen_FA:7:U_FA|OR1|o_F~0|combout
    Info (332115):      8.532      0.224 RR    IC  RISCVALU|U_adderSubtractor|U_ADDER|\gen_FA:8:U_FA|OR1|o_F~0|datac
    Info (332115):      8.819      0.287 RR  CELL  RISCVALU|U_adderSubtractor|U_ADDER|\gen_FA:8:U_FA|OR1|o_F~0|combout
    Info (332115):      9.046      0.227 RR    IC  RISCVALU|U_adderSubtractor|U_ADDER|\gen_FA:9:U_FA|OR1|o_F~0|datad
    Info (332115):      9.201      0.155 RR  CELL  RISCVALU|U_adderSubtractor|U_ADDER|\gen_FA:9:U_FA|OR1|o_F~0|combout
    Info (332115):      9.426      0.225 RR    IC  RISCVALU|U_adderSubtractor|U_ADDER|\gen_FA:10:U_FA|OR1|o_F~0|datac
    Info (332115):      9.713      0.287 RR  CELL  RISCVALU|U_adderSubtractor|U_ADDER|\gen_FA:10:U_FA|OR1|o_F~0|combout
    Info (332115):      9.940      0.227 RR    IC  RISCVALU|U_adderSubtractor|U_ADDER|\gen_FA:11:U_FA|OR1|o_F~0|datad
    Info (332115):     10.095      0.155 RR  CELL  RISCVALU|U_adderSubtractor|U_ADDER|\gen_FA:11:U_FA|OR1|o_F~0|combout
    Info (332115):     10.322      0.227 RR    IC  RISCVALU|U_adderSubtractor|U_ADDER|\gen_FA:12:U_FA|OR1|o_F~0|datad
    Info (332115):     10.477      0.155 RR  CELL  RISCVALU|U_adderSubtractor|U_ADDER|\gen_FA:12:U_FA|OR1|o_F~0|combout
    Info (332115):     10.702      0.225 RR    IC  RISCVALU|U_adderSubtractor|U_ADDER|\gen_FA:13:U_FA|OR1|o_F~0|datad
    Info (332115):     10.857      0.155 RR  CELL  RISCVALU|U_adderSubtractor|U_ADDER|\gen_FA:13:U_FA|OR1|o_F~0|combout
    Info (332115):     11.084      0.227 RR    IC  RISCVALU|U_adderSubtractor|U_ADDER|\gen_FA:14:U_FA|OR1|o_F~0|datad
    Info (332115):     11.239      0.155 RR  CELL  RISCVALU|U_adderSubtractor|U_ADDER|\gen_FA:14:U_FA|OR1|o_F~0|combout
    Info (332115):     11.466      0.227 RR    IC  RISCVALU|U_adderSubtractor|U_ADDER|\gen_FA:15:U_FA|OR1|o_F~0|datad
    Info (332115):     11.621      0.155 RR  CELL  RISCVALU|U_adderSubtractor|U_ADDER|\gen_FA:15:U_FA|OR1|o_F~0|combout
    Info (332115):     11.848      0.227 RR    IC  RISCVALU|U_adderSubtractor|U_ADDER|\gen_FA:16:U_FA|OR1|o_F~0|datad
    Info (332115):     12.003      0.155 RR  CELL  RISCVALU|U_adderSubtractor|U_ADDER|\gen_FA:16:U_FA|OR1|o_F~0|combout
    Info (332115):     12.230      0.227 RR    IC  RISCVALU|U_adderSubtractor|U_ADDER|\gen_FA:17:U_FA|OR1|o_F~0|datad
    Info (332115):     12.385      0.155 RR  CELL  RISCVALU|U_adderSubtractor|U_ADDER|\gen_FA:17:U_FA|OR1|o_F~0|combout
    Info (332115):     12.764      0.379 RR    IC  RISCVALU|U_adderSubtractor|U_ADDER|\gen_FA:18:U_FA|OR1|o_F~0|datad
    Info (332115):     12.919      0.155 RR  CELL  RISCVALU|U_adderSubtractor|U_ADDER|\gen_FA:18:U_FA|OR1|o_F~0|combout
    Info (332115):     13.145      0.226 RR    IC  RISCVALU|U_adderSubtractor|U_ADDER|\gen_FA:19:U_FA|OR1|o_F~0|datad
    Info (332115):     13.300      0.155 RR  CELL  RISCVALU|U_adderSubtractor|U_ADDER|\gen_FA:19:U_FA|OR1|o_F~0|combout
    Info (332115):     13.528      0.228 RR    IC  RISCVALU|U_adderSubtractor|U_ADDER|\gen_FA:20:U_FA|OR1|o_F~0|datad
    Info (332115):     13.683      0.155 RR  CELL  RISCVALU|U_adderSubtractor|U_ADDER|\gen_FA:20:U_FA|OR1|o_F~0|combout
    Info (332115):     13.911      0.228 RR    IC  RISCVALU|U_adderSubtractor|U_ADDER|\gen_FA:21:U_FA|OR1|o_F~0|datad
    Info (332115):     14.066      0.155 RR  CELL  RISCVALU|U_adderSubtractor|U_ADDER|\gen_FA:21:U_FA|OR1|o_F~0|combout
    Info (332115):     14.295      0.229 RR    IC  RISCVALU|U_adderSubtractor|U_ADDER|\gen_FA:22:U_FA|OR1|o_F~0|datad
    Info (332115):     14.450      0.155 RR  CELL  RISCVALU|U_adderSubtractor|U_ADDER|\gen_FA:22:U_FA|OR1|o_F~0|combout
    Info (332115):     16.086      1.636 RR    IC  RISCVALU|U_selectMux|o_O[23]~267|datad
    Info (332115):     16.241      0.155 RR  CELL  RISCVALU|U_selectMux|o_O[23]~267|combout
    Info (332115):     16.445      0.204 RR    IC  RISCVALU|U_selectMux|o_O[23]~268|datad
    Info (332115):     16.600      0.155 RR  CELL  RISCVALU|U_selectMux|o_O[23]~268|combout
    Info (332115):     16.804      0.204 RR    IC  RISCVALU|U_selectMux|o_O[23]~269|datad
    Info (332115):     16.959      0.155 RR  CELL  RISCVALU|U_selectMux|o_O[23]~269|combout
    Info (332115):     18.553      1.594 RR    IC  RISCVALU|WideOr0~3|datad
    Info (332115):     18.708      0.155 RR  CELL  RISCVALU|WideOr0~3|combout
    Info (332115):     19.377      0.669 RR    IC  RISCVALU|WideOr0~4|datad
    Info (332115):     19.532      0.155 RR  CELL  RISCVALU|WideOr0~4|combout
    Info (332115):     19.737      0.205 RR    IC  RISCVALU|WideOr0~7|datad
    Info (332115):     19.892      0.155 RR  CELL  RISCVALU|WideOr0~7|combout
    Info (332115):     20.094      0.202 RR    IC  RISCVALU|WideOr0~8|datad
    Info (332115):     20.249      0.155 RR  CELL  RISCVALU|WideOr0~8|combout
    Info (332115):     20.454      0.205 RR    IC  RISCVALU|WideOr0~9|datad
    Info (332115):     20.609      0.155 RR  CELL  RISCVALU|WideOr0~9|combout
    Info (332115):     20.813      0.204 RR    IC  s_BranchJump_EX~0|datad
    Info (332115):     20.952      0.139 RF  CELL  s_BranchJump_EX~0|combout
    Info (332115):     21.422      0.470 FF    IC  s_BranchJump_EX|datad
    Info (332115):     21.547      0.125 FF  CELL  s_BranchJump_EX|combout
    Info (332115):     23.625      2.078 FF    IC  IFID_reg|reg_Inst|\GEN_REG:10:DFFI|s_Q|sclr
    Info (332115):     24.205      0.580 FR  CELL  IF_ID:IFID_reg|reg_N:reg_Inst|dffg:\GEN_REG:10:DFFI|s_Q
    Info (332115): 
    Info (332115): Data Required Path:
    Info (332115): 
    Info (332115): Total (ns)  Incr (ns)     Type  Element
    Info (332115): ==========  ========= ==  ====  ===================================
    Info (332115):     20.000     20.000           latch edge time
    Info (332115):     23.385      3.385  R        clock network delay
    Info (332115):     23.393      0.008           clock pessimism removed
    Info (332115):     23.373     -0.020           clock uncertainty
    Info (332115):     23.391      0.018     uTsu  IF_ID:IFID_reg|reg_N:reg_Inst|dffg:\GEN_REG:10:DFFI|s_Q
    Info (332115): 
    Info (332115): Data Arrival Time  :    24.205
    Info (332115): Data Required Time :    23.391
    Info (332115): Slack              :    -0.814 (VIOLATED)
    Info (332115): ===================================================================
    Info (332115): 
Info (332115): Report Timing: Found 1 hold paths (0 violated).  Worst case slack is 0.383
    Info (332115): -to_clock [get_clocks {iCLK}]
    Info (332115): -hold
    Info (332115): -stdout
Info (332115): Path #1: Hold slack is 0.383 
    Info (332115): ===================================================================
    Info (332115): From Node    : reg_N:ProgramCounter|dffg:\GEN_REG:17:DFFI|s_Q
    Info (332115): To Node      : reg_N:ProgramCounter|dffg:\GEN_REG:17:DFFI|s_Q
    Info (332115): Launch Clock : iCLK
    Info (332115): Latch Clock  : iCLK
    Info (332115): 
    Info (332115): Data Arrival Path:
    Info (332115): 
    Info (332115): Total (ns)  Incr (ns)     Type  Element
    Info (332115): ==========  ========= ==  ====  ===================================
    Info (332115):      0.000      0.000           launch edge time
    Info (332115):      3.436      3.436  R        clock network delay
    Info (332115):      3.668      0.232     uTco  reg_N:ProgramCounter|dffg:\GEN_REG:17:DFFI|s_Q
    Info (332115):      3.668      0.000 FF  CELL  ProgramCounter|\GEN_REG:17:DFFI|s_Q|q
    Info (332115):      3.668      0.000 FF    IC  BranchIncSel|o_O[17]~30|datac
    Info (332115):      4.029      0.361 FF  CELL  BranchIncSel|o_O[17]~30|combout
    Info (332115):      4.029      0.000 FF    IC  ProgramCounter|\GEN_REG:17:DFFI|s_Q|d
    Info (332115):      4.105      0.076 FF  CELL  reg_N:ProgramCounter|dffg:\GEN_REG:17:DFFI|s_Q
    Info (332115): 
    Info (332115): Data Required Path:
    Info (332115): 
    Info (332115): Total (ns)  Incr (ns)     Type  Element
    Info (332115): ==========  ========= ==  ====  ===================================
    Info (332115):      0.000      0.000           latch edge time
    Info (332115):      3.568      3.568  R        clock network delay
    Info (332115):      3.536     -0.032           clock pessimism removed
    Info (332115):      3.536      0.000           clock uncertainty
    Info (332115):      3.722      0.186      uTh  reg_N:ProgramCounter|dffg:\GEN_REG:17:DFFI|s_Q
    Info (332115): 
    Info (332115): Data Arrival Time  :     4.105
    Info (332115): Data Required Time :     3.722
    Info (332115): Slack              :     0.383 
    Info (332115): ===================================================================
    Info (332115): 
Info: Analyzing Slow 1200mV 0C Model
Info (334003): Started post-fitting delay annotation
Info (334004): Delay annotation completed successfully
Info (332146): Worst-case setup slack is 0.663
    Info (332119):     Slack       End Point TNS Clock 
    Info (332119): ========= =================== =====================
    Info (332119):     0.663               0.000 iCLK 
Info (332146): Worst-case hold slack is 0.336
    Info (332119):     Slack       End Point TNS Clock 
    Info (332119): ========= =================== =====================
    Info (332119):     0.336               0.000 iCLK 
Info (332140): No Recovery paths to report
Info (332140): No Removal paths to report
Info (332146): Worst-case minimum pulse width slack is 9.770
    Info (332119):     Slack       End Point TNS Clock 
    Info (332119): ========= =================== =====================
    Info (332119):     9.770               0.000 iCLK 
Info (332115): Report Timing: Found 1 setup paths (0 violated).  Worst case slack is 0.663
    Info (332115): -to_clock [get_clocks {iCLK}]
    Info (332115): -setup
    Info (332115): -stdout
Info (332115): Path #1: Setup slack is 0.663 
    Info (332115): ===================================================================
    Info (332115): From Node    : ID_EX:IDEX_reg|reg_N:reg_Imm|dffg:\GEN_REG:0:DFFI|s_Q
    Info (332115): To Node      : IF_ID:IFID_reg|reg_N:reg_Inst|dffg:\GEN_REG:10:DFFI|s_Q
    Info (332115): Launch Clock : iCLK
    Info (332115): Latch Clock  : iCLK
    Info (332115): 
    Info (332115): Data Arrival Path:
    Info (332115): 
    Info (332115): Total (ns)  Incr (ns)     Type  Element
    Info (332115): ==========  ========= ==  ====  ===================================
    Info (332115):      0.000      0.000           launch edge time
    Info (332115):      2.824      2.824  R        clock network delay
    Info (332115):      3.037      0.213     uTco  ID_EX:IDEX_reg|reg_N:reg_Imm|dffg:\GEN_REG:0:DFFI|s_Q
    Info (332115):      3.037      0.000 RR  CELL  IDEX_reg|reg_Imm|\GEN_REG:0:DFFI|s_Q|q
    Info (332115):      3.960      0.923 RR    IC  ALUSourceMux|o_O[0]~29|datac
    Info (332115):      4.223      0.263 RR  CELL  ALUSourceMux|o_O[0]~29|combout
    Info (332115):      4.604      0.381 RR    IC  RISCVALU|U_adderSubtractor|U_ADDER|\gen_FA:0:U_FA|AND1|o_F|datad
    Info (332115):      4.748      0.144 RR  CELL  RISCVALU|U_adderSubtractor|U_ADDER|\gen_FA:0:U_FA|AND1|o_F|combout
    Info (332115):      4.955      0.207 RR    IC  RISCVALU|U_adderSubtractor|U_ADDER|\gen_FA:1:U_FA|OR1|o_F~0|datac
    Info (332115):      5.220      0.265 RR  CELL  RISCVALU|U_adderSubtractor|U_ADDER|\gen_FA:1:U_FA|OR1|o_F~0|combout
    Info (332115):      5.431      0.211 RR    IC  RISCVALU|U_adderSubtractor|U_ADDER|\gen_FA:2:U_FA|OR1|o_F~0|datad
    Info (332115):      5.575      0.144 RR  CELL  RISCVALU|U_adderSubtractor|U_ADDER|\gen_FA:2:U_FA|OR1|o_F~0|combout
    Info (332115):      5.784      0.209 RR    IC  RISCVALU|U_adderSubtractor|U_ADDER|\gen_FA:3:U_FA|OR1|o_F~0|datad
    Info (332115):      5.928      0.144 RR  CELL  RISCVALU|U_adderSubtractor|U_ADDER|\gen_FA:3:U_FA|OR1|o_F~0|combout
    Info (332115):      6.334      0.406 RR    IC  RISCVALU|U_adderSubtractor|U_ADDER|\gen_FA:4:U_FA|OR1|o_F~0|datad
    Info (332115):      6.478      0.144 RR  CELL  RISCVALU|U_adderSubtractor|U_ADDER|\gen_FA:4:U_FA|OR1|o_F~0|combout
    Info (332115):      6.683      0.205 RR    IC  RISCVALU|U_adderSubtractor|U_ADDER|\gen_FA:5:U_FA|OR1|o_F~0|datac
    Info (332115):      6.948      0.265 RR  CELL  RISCVALU|U_adderSubtractor|U_ADDER|\gen_FA:5:U_FA|OR1|o_F~0|combout
    Info (332115):      7.158      0.210 RR    IC  RISCVALU|U_adderSubtractor|U_ADDER|\gen_FA:6:U_FA|OR1|o_F~0|datad
    Info (332115):      7.302      0.144 RR  CELL  RISCVALU|U_adderSubtractor|U_ADDER|\gen_FA:6:U_FA|OR1|o_F~0|combout
    Info (332115):      7.511      0.209 RR    IC  RISCVALU|U_adderSubtractor|U_ADDER|\gen_FA:7:U_FA|OR1|o_F~0|datad
    Info (332115):      7.655      0.144 RR  CELL  RISCVALU|U_adderSubtractor|U_ADDER|\gen_FA:7:U_FA|OR1|o_F~0|combout
    Info (332115):      7.861      0.206 RR    IC  RISCVALU|U_adderSubtractor|U_ADDER|\gen_FA:8:U_FA|OR1|o_F~0|datac
    Info (332115):      8.126      0.265 RR  CELL  RISCVALU|U_adderSubtractor|U_ADDER|\gen_FA:8:U_FA|OR1|o_F~0|combout
    Info (332115):      8.335      0.209 RR    IC  RISCVALU|U_adderSubtractor|U_ADDER|\gen_FA:9:U_FA|OR1|o_F~0|datad
    Info (332115):      8.479      0.144 RR  CELL  RISCVALU|U_adderSubtractor|U_ADDER|\gen_FA:9:U_FA|OR1|o_F~0|combout
    Info (332115):      8.686      0.207 RR    IC  RISCVALU|U_adderSubtractor|U_ADDER|\gen_FA:10:U_FA|OR1|o_F~0|datac
    Info (332115):      8.951      0.265 RR  CELL  RISCVALU|U_adderSubtractor|U_ADDER|\gen_FA:10:U_FA|OR1|o_F~0|combout
    Info (332115):      9.160      0.209 RR    IC  RISCVALU|U_adderSubtractor|U_ADDER|\gen_FA:11:U_FA|OR1|o_F~0|datad
    Info (332115):      9.304      0.144 RR  CELL  RISCVALU|U_adderSubtractor|U_ADDER|\gen_FA:11:U_FA|OR1|o_F~0|combout
    Info (332115):      9.513      0.209 RR    IC  RISCVALU|U_adderSubtractor|U_ADDER|\gen_FA:12:U_FA|OR1|o_F~0|datad
    Info (332115):      9.657      0.144 RR  CELL  RISCVALU|U_adderSubtractor|U_ADDER|\gen_FA:12:U_FA|OR1|o_F~0|combout
    Info (332115):      9.865      0.208 RR    IC  RISCVALU|U_adderSubtractor|U_ADDER|\gen_FA:13:U_FA|OR1|o_F~0|datad
    Info (332115):     10.009      0.144 RR  CELL  RISCVALU|U_adderSubtractor|U_ADDER|\gen_FA:13:U_FA|OR1|o_F~0|combout
    Info (332115):     10.219      0.210 RR    IC  RISCVALU|U_adderSubtractor|U_ADDER|\gen_FA:14:U_FA|OR1|o_F~0|datad
    Info (332115):     10.363      0.144 RR  CELL  RISCVALU|U_adderSubtractor|U_ADDER|\gen_FA:14:U_FA|OR1|o_F~0|combout
    Info (332115):     10.572      0.209 RR    IC  RISCVALU|U_adderSubtractor|U_ADDER|\gen_FA:15:U_FA|OR1|o_F~0|datad
    Info (332115):     10.716      0.144 RR  CELL  RISCVALU|U_adderSubtractor|U_ADDER|\gen_FA:15:U_FA|OR1|o_F~0|combout
    Info (332115):     10.925      0.209 RR    IC  RISCVALU|U_adderSubtractor|U_ADDER|\gen_FA:16:U_FA|OR1|o_F~0|datad
    Info (332115):     11.069      0.144 RR  CELL  RISCVALU|U_adderSubtractor|U_ADDER|\gen_FA:16:U_FA|OR1|o_F~0|combout
    Info (332115):     11.279      0.210 RR    IC  RISCVALU|U_adderSubtractor|U_ADDER|\gen_FA:17:U_FA|OR1|o_F~0|datad
    Info (332115):     11.423      0.144 RR  CELL  RISCVALU|U_adderSubtractor|U_ADDER|\gen_FA:17:U_FA|OR1|o_F~0|combout
    Info (332115):     11.782      0.359 RR    IC  RISCVALU|U_adderSubtractor|U_ADDER|\gen_FA:18:U_FA|OR1|o_F~0|datad
    Info (332115):     11.926      0.144 RR  CELL  RISCVALU|U_adderSubtractor|U_ADDER|\gen_FA:18:U_FA|OR1|o_F~0|combout
    Info (332115):     12.134      0.208 RR    IC  RISCVALU|U_adderSubtractor|U_ADDER|\gen_FA:19:U_FA|OR1|o_F~0|datad
    Info (332115):     12.278      0.144 RR  CELL  RISCVALU|U_adderSubtractor|U_ADDER|\gen_FA:19:U_FA|OR1|o_F~0|combout
    Info (332115):     12.488      0.210 RR    IC  RISCVALU|U_adderSubtractor|U_ADDER|\gen_FA:20:U_FA|OR1|o_F~0|datad
    Info (332115):     12.632      0.144 RR  CELL  RISCVALU|U_adderSubtractor|U_ADDER|\gen_FA:20:U_FA|OR1|o_F~0|combout
    Info (332115):     12.842      0.210 RR    IC  RISCVALU|U_adderSubtractor|U_ADDER|\gen_FA:21:U_FA|OR1|o_F~0|datad
    Info (332115):     12.986      0.144 RR  CELL  RISCVALU|U_adderSubtractor|U_ADDER|\gen_FA:21:U_FA|OR1|o_F~0|combout
    Info (332115):     13.197      0.211 RR    IC  RISCVALU|U_adderSubtractor|U_ADDER|\gen_FA:22:U_FA|OR1|o_F~0|datad
    Info (332115):     13.341      0.144 RR  CELL  RISCVALU|U_adderSubtractor|U_ADDER|\gen_FA:22:U_FA|OR1|o_F~0|combout
    Info (332115):     14.886      1.545 RR    IC  RISCVALU|U_selectMux|o_O[23]~267|datad
    Info (332115):     15.030      0.144 RR  CELL  RISCVALU|U_selectMux|o_O[23]~267|combout
    Info (332115):     15.218      0.188 RR    IC  RISCVALU|U_selectMux|o_O[23]~268|datad
    Info (332115):     15.362      0.144 RR  CELL  RISCVALU|U_selectMux|o_O[23]~268|combout
    Info (332115):     15.550      0.188 RR    IC  RISCVALU|U_selectMux|o_O[23]~269|datad
    Info (332115):     15.694      0.144 RR  CELL  RISCVALU|U_selectMux|o_O[23]~269|combout
    Info (332115):     17.189      1.495 RR    IC  RISCVALU|WideOr0~3|datad
    Info (332115):     17.333      0.144 RR  CELL  RISCVALU|WideOr0~3|combout
    Info (332115):     17.963      0.630 RR    IC  RISCVALU|WideOr0~4|datad
    Info (332115):     18.107      0.144 RR  CELL  RISCVALU|WideOr0~4|combout
    Info (332115):     18.296      0.189 RR    IC  RISCVALU|WideOr0~7|datad
    Info (332115):     18.440      0.144 RR  CELL  RISCVALU|WideOr0~7|combout
    Info (332115):     18.626      0.186 RR    IC  RISCVALU|WideOr0~8|datad
    Info (332115):     18.770      0.144 RR  CELL  RISCVALU|WideOr0~8|combout
    Info (332115):     18.959      0.189 RR    IC  RISCVALU|WideOr0~9|datad
    Info (332115):     19.103      0.144 RR  CELL  RISCVALU|WideOr0~9|combout
    Info (332115):     19.291      0.188 RR    IC  s_BranchJump_EX~0|datad
    Info (332115):     19.435      0.144 RR  CELL  s_BranchJump_EX~0|combout
    Info (332115):     19.864      0.429 RR    IC  s_BranchJump_EX|datad
    Info (332115):     20.008      0.144 RR  CELL  s_BranchJump_EX|combout
    Info (332115):     21.870      1.862 RR    IC  IFID_reg|reg_Inst|\GEN_REG:10:DFFI|s_Q|sclr
    Info (332115):     22.422      0.552 RF  CELL  IF_ID:IFID_reg|reg_N:reg_Inst|dffg:\GEN_REG:10:DFFI|s_Q
    Info (332115): 
    Info (332115): Data Required Path:
    Info (332115): 
    Info (332115): Total (ns)  Incr (ns)     Type  Element
    Info (332115): ==========  ========= ==  ====  ===================================
    Info (332115):     20.000     20.000           latch edge time
    Info (332115):     23.079      3.079  R        clock network delay
    Info (332115):     23.086      0.007           clock pessimism removed
    Info (332115):     23.066     -0.020           clock uncertainty
    Info (332115):     23.085      0.019     uTsu  IF_ID:IFID_reg|reg_N:reg_Inst|dffg:\GEN_REG:10:DFFI|s_Q
    Info (332115): 
    Info (332115): Data Arrival Time  :    22.422
    Info (332115): Data Required Time :    23.085
    Info (332115): Slack              :     0.663 
    Info (332115): ===================================================================
    Info (332115): 
Info (332115): Report Timing: Found 1 hold paths (0 violated).  Worst case slack is 0.336
    Info (332115): -to_clock [get_clocks {iCLK}]
    Info (332115): -hold
    Info (332115): -stdout
Info (332115): Path #1: Hold slack is 0.336 
    Info (332115): ===================================================================
    Info (332115): From Node    : reg_N:ProgramCounter|dffg:\GEN_REG:17:DFFI|s_Q
    Info (332115): To Node      : reg_N:ProgramCounter|dffg:\GEN_REG:17:DFFI|s_Q
    Info (332115): Launch Clock : iCLK
    Info (332115): Latch Clock  : iCLK
    Info (332115): 
    Info (332115): Data Arrival Path:
    Info (332115): 
    Info (332115): Total (ns)  Incr (ns)     Type  Element
    Info (332115): ==========  ========= ==  ====  ===================================
    Info (332115):      0.000      0.000           launch edge time
    Info (332115):      3.122      3.122  R        clock network delay
    Info (332115):      3.335      0.213     uTco  reg_N:ProgramCounter|dffg:\GEN_REG:17:DFFI|s_Q
    Info (332115):      3.335      0.000 FF  CELL  ProgramCounter|\GEN_REG:17:DFFI|s_Q|q
    Info (332115):      3.335      0.000 FF    IC  BranchIncSel|o_O[17]~30|datac
    Info (332115):      3.654      0.319 FF  CELL  BranchIncSel|o_O[17]~30|combout
    Info (332115):      3.654      0.000 FF    IC  ProgramCounter|\GEN_REG:17:DFFI|s_Q|d
    Info (332115):      3.719      0.065 FF  CELL  reg_N:ProgramCounter|dffg:\GEN_REG:17:DFFI|s_Q
    Info (332115): 
    Info (332115): Data Required Path:
    Info (332115): 
    Info (332115): Total (ns)  Incr (ns)     Type  Element
    Info (332115): ==========  ========= ==  ====  ===================================
    Info (332115):      0.000      0.000           latch edge time
    Info (332115):      3.240      3.240  R        clock network delay
    Info (332115):      3.212     -0.028           clock pessimism removed
    Info (332115):      3.212      0.000           clock uncertainty
    Info (332115):      3.383      0.171      uTh  reg_N:ProgramCounter|dffg:\GEN_REG:17:DFFI|s_Q
    Info (332115): 
    Info (332115): Data Arrival Time  :     3.719
    Info (332115): Data Required Time :     3.383
    Info (332115): Slack              :     0.336 
    Info (332115): ===================================================================
    Info (332115): 
Info: Analyzing Fast 1200mV 0C Model
Info (332146): Worst-case setup slack is 9.504
    Info (332119):     Slack       End Point TNS Clock 
    Info (332119): ========= =================== =====================
    Info (332119):     9.504               0.000 iCLK 
Info (332146): Worst-case hold slack is 0.172
    Info (332119):     Slack       End Point TNS Clock 
    Info (332119): ========= =================== =====================
    Info (332119):     0.172               0.000 iCLK 
Info (332140): No Recovery paths to report
Info (332140): No Removal paths to report
Info (332146): Worst-case minimum pulse width slack is 9.407
    Info (332119):     Slack       End Point TNS Clock 
    Info (332119): ========= =================== =====================
    Info (332119):     9.407               0.000 iCLK 
Info (332115): Report Timing: Found 1 setup paths (0 violated).  Worst case slack is 9.504
    Info (332115): -to_clock [get_clocks {iCLK}]
    Info (332115): -setup
    Info (332115): -stdout
Info (332115): Path #1: Setup slack is 9.504 
    Info (332115): ===================================================================
    Info (332115): From Node    : ID_EX:IDEX_reg|reg_N:reg_Imm|dffg:\GEN_REG:0:DFFI|s_Q
    Info (332115): To Node      : IF_ID:IFID_reg|reg_N:reg_Inst|dffg:\GEN_REG:10:DFFI|s_Q
    Info (332115): Launch Clock : iCLK
    Info (332115): Latch Clock  : iCLK
    Info (332115): 
    Info (332115): Data Arrival Path:
    Info (332115): 
    Info (332115): Total (ns)  Incr (ns)     Type  Element
    Info (332115): ==========  ========= ==  ====  ===================================
    Info (332115):      0.000      0.000           launch edge time
    Info (332115):      1.666      1.666  R        clock network delay
    Info (332115):      1.771      0.105     uTco  ID_EX:IDEX_reg|reg_N:reg_Imm|dffg:\GEN_REG:0:DFFI|s_Q
    Info (332115):      1.771      0.000 FF  CELL  IDEX_reg|reg_Imm|\GEN_REG:0:DFFI|s_Q|q
    Info (332115):      2.284      0.513 FF    IC  ALUSourceMux|o_O[0]~29|datac
    Info (332115):      2.417      0.133 FF  CELL  ALUSourceMux|o_O[0]~29|combout
    Info (332115):      2.623      0.206 FF    IC  RISCVALU|U_adderSubtractor|U_ADDER|\gen_FA:0:U_FA|AND1|o_F|datad
    Info (332115):      2.686      0.063 FF  CELL  RISCVALU|U_adderSubtractor|U_ADDER|\gen_FA:0:U_FA|AND1|o_F|combout
    Info (332115):      2.810      0.124 FF    IC  RISCVALU|U_adderSubtractor|U_ADDER|\gen_FA:1:U_FA|OR1|o_F~0|datac
    Info (332115):      2.943      0.133 FF  CELL  RISCVALU|U_adderSubtractor|U_ADDER|\gen_FA:1:U_FA|OR1|o_F~0|combout
    Info (332115):      3.065      0.122 FF    IC  RISCVALU|U_adderSubtractor|U_ADDER|\gen_FA:2:U_FA|OR1|o_F~0|datad
    Info (332115):      3.128      0.063 FF  CELL  RISCVALU|U_adderSubtractor|U_ADDER|\gen_FA:2:U_FA|OR1|o_F~0|combout
    Info (332115):      3.248      0.120 FF    IC  RISCVALU|U_adderSubtractor|U_ADDER|\gen_FA:3:U_FA|OR1|o_F~0|datad
    Info (332115):      3.311      0.063 FF  CELL  RISCVALU|U_adderSubtractor|U_ADDER|\gen_FA:3:U_FA|OR1|o_F~0|combout
    Info (332115):      3.544      0.233 FF    IC  RISCVALU|U_adderSubtractor|U_ADDER|\gen_FA:4:U_FA|OR1|o_F~0|datad
    Info (332115):      3.607      0.063 FF  CELL  RISCVALU|U_adderSubtractor|U_ADDER|\gen_FA:4:U_FA|OR1|o_F~0|combout
    Info (332115):      3.729      0.122 FF    IC  RISCVALU|U_adderSubtractor|U_ADDER|\gen_FA:5:U_FA|OR1|o_F~0|datac
    Info (332115):      3.862      0.133 FF  CELL  RISCVALU|U_adderSubtractor|U_ADDER|\gen_FA:5:U_FA|OR1|o_F~0|combout
    Info (332115):      3.983      0.121 FF    IC  RISCVALU|U_adderSubtractor|U_ADDER|\gen_FA:6:U_FA|OR1|o_F~0|datad
    Info (332115):      4.046      0.063 FF  CELL  RISCVALU|U_adderSubtractor|U_ADDER|\gen_FA:6:U_FA|OR1|o_F~0|combout
    Info (332115):      4.165      0.119 FF    IC  RISCVALU|U_adderSubtractor|U_ADDER|\gen_FA:7:U_FA|OR1|o_F~0|datad
    Info (332115):      4.228      0.063 FF  CELL  RISCVALU|U_adderSubtractor|U_ADDER|\gen_FA:7:U_FA|OR1|o_F~0|combout
    Info (332115):      4.350      0.122 FF    IC  RISCVALU|U_adderSubtractor|U_ADDER|\gen_FA:8:U_FA|OR1|o_F~0|datac
    Info (332115):      4.483      0.133 FF  CELL  RISCVALU|U_adderSubtractor|U_ADDER|\gen_FA:8:U_FA|OR1|o_F~0|combout
    Info (332115):      4.602      0.119 FF    IC  RISCVALU|U_adderSubtractor|U_ADDER|\gen_FA:9:U_FA|OR1|o_F~0|datad
    Info (332115):      4.665      0.063 FF  CELL  RISCVALU|U_adderSubtractor|U_ADDER|\gen_FA:9:U_FA|OR1|o_F~0|combout
    Info (332115):      4.788      0.123 FF    IC  RISCVALU|U_adderSubtractor|U_ADDER|\gen_FA:10:U_FA|OR1|o_F~0|datac
    Info (332115):      4.921      0.133 FF  CELL  RISCVALU|U_adderSubtractor|U_ADDER|\gen_FA:10:U_FA|OR1|o_F~0|combout
    Info (332115):      5.039      0.118 FF    IC  RISCVALU|U_adderSubtractor|U_ADDER|\gen_FA:11:U_FA|OR1|o_F~0|datad
    Info (332115):      5.102      0.063 FF  CELL  RISCVALU|U_adderSubtractor|U_ADDER|\gen_FA:11:U_FA|OR1|o_F~0|combout
    Info (332115):      5.221      0.119 FF    IC  RISCVALU|U_adderSubtractor|U_ADDER|\gen_FA:12:U_FA|OR1|o_F~0|datad
    Info (332115):      5.284      0.063 FF  CELL  RISCVALU|U_adderSubtractor|U_ADDER|\gen_FA:12:U_FA|OR1|o_F~0|combout
    Info (332115):      5.402      0.118 FF    IC  RISCVALU|U_adderSubtractor|U_ADDER|\gen_FA:13:U_FA|OR1|o_F~0|datad
    Info (332115):      5.465      0.063 FF  CELL  RISCVALU|U_adderSubtractor|U_ADDER|\gen_FA:13:U_FA|OR1|o_F~0|combout
    Info (332115):      5.586      0.121 FF    IC  RISCVALU|U_adderSubtractor|U_ADDER|\gen_FA:14:U_FA|OR1|o_F~0|datad
    Info (332115):      5.649      0.063 FF  CELL  RISCVALU|U_adderSubtractor|U_ADDER|\gen_FA:14:U_FA|OR1|o_F~0|combout
    Info (332115):      5.768      0.119 FF    IC  RISCVALU|U_adderSubtractor|U_ADDER|\gen_FA:15:U_FA|OR1|o_F~0|datad
    Info (332115):      5.831      0.063 FF  CELL  RISCVALU|U_adderSubtractor|U_ADDER|\gen_FA:15:U_FA|OR1|o_F~0|combout
    Info (332115):      5.950      0.119 FF    IC  RISCVALU|U_adderSubtractor|U_ADDER|\gen_FA:16:U_FA|OR1|o_F~0|datad
    Info (332115):      6.013      0.063 FF  CELL  RISCVALU|U_adderSubtractor|U_ADDER|\gen_FA:16:U_FA|OR1|o_F~0|combout
    Info (332115):      6.134      0.121 FF    IC  RISCVALU|U_adderSubtractor|U_ADDER|\gen_FA:17:U_FA|OR1|o_F~0|datad
    Info (332115):      6.197      0.063 FF  CELL  RISCVALU|U_adderSubtractor|U_ADDER|\gen_FA:17:U_FA|OR1|o_F~0|combout
    Info (332115):      6.385      0.188 FF    IC  RISCVALU|U_adderSubtractor|U_ADDER|\gen_FA:18:U_FA|OR1|o_F~0|datad
    Info (332115):      6.448      0.063 FF  CELL  RISCVALU|U_adderSubtractor|U_ADDER|\gen_FA:18:U_FA|OR1|o_F~0|combout
    Info (332115):      6.568      0.120 FF    IC  RISCVALU|U_adderSubtractor|U_ADDER|\gen_FA:19:U_FA|OR1|o_F~0|datad
    Info (332115):      6.631      0.063 FF  CELL  RISCVALU|U_adderSubtractor|U_ADDER|\gen_FA:19:U_FA|OR1|o_F~0|combout
    Info (332115):      6.751      0.120 FF    IC  RISCVALU|U_adderSubtractor|U_ADDER|\gen_FA:20:U_FA|OR1|o_F~0|datad
    Info (332115):      6.814      0.063 FF  CELL  RISCVALU|U_adderSubtractor|U_ADDER|\gen_FA:20:U_FA|OR1|o_F~0|combout
    Info (332115):      6.935      0.121 FF    IC  RISCVALU|U_adderSubtractor|U_ADDER|\gen_FA:21:U_FA|OR1|o_F~0|datad
    Info (332115):      6.998      0.063 FF  CELL  RISCVALU|U_adderSubtractor|U_ADDER|\gen_FA:21:U_FA|OR1|o_F~0|combout
    Info (332115):      7.119      0.121 FF    IC  RISCVALU|U_adderSubtractor|U_ADDER|\gen_FA:22:U_FA|OR1|o_F~0|datad
    Info (332115):      7.182      0.063 FF  CELL  RISCVALU|U_adderSubtractor|U_ADDER|\gen_FA:22:U_FA|OR1|o_F~0|combout
    Info (332115):      8.103      0.921 FF    IC  RISCVALU|U_selectMux|o_O[23]~267|datad
    Info (332115):      8.166      0.063 FF  CELL  RISCVALU|U_selectMux|o_O[23]~267|combout
    Info (332115):      8.273      0.107 FF    IC  RISCVALU|U_selectMux|o_O[23]~268|datad
    Info (332115):      8.336      0.063 FF  CELL  RISCVALU|U_selectMux|o_O[23]~268|combout
    Info (332115):      8.443      0.107 FF    IC  RISCVALU|U_selectMux|o_O[23]~269|datad
    Info (332115):      8.506      0.063 FF  CELL  RISCVALU|U_selectMux|o_O[23]~269|combout
    Info (332115):      9.386      0.880 FF    IC  RISCVALU|WideOr0~3|datad
    Info (332115):      9.449      0.063 FF  CELL  RISCVALU|WideOr0~3|combout
    Info (332115):      9.805      0.356 FF    IC  RISCVALU|WideOr0~4|datad
    Info (332115):      9.868      0.063 FF  CELL  RISCVALU|WideOr0~4|combout
    Info (332115):      9.977      0.109 FF    IC  RISCVALU|WideOr0~7|datad
    Info (332115):     10.040      0.063 FF  CELL  RISCVALU|WideOr0~7|combout
    Info (332115):     10.146      0.106 FF    IC  RISCVALU|WideOr0~8|datad
    Info (332115):     10.209      0.063 FF  CELL  RISCVALU|WideOr0~8|combout
    Info (332115):     10.318      0.109 FF    IC  RISCVALU|WideOr0~9|datad
    Info (332115):     10.381      0.063 FF  CELL  RISCVALU|WideOr0~9|combout
    Info (332115):     10.489      0.108 FF    IC  s_BranchJump_EX~0|datad
    Info (332115):     10.552      0.063 FF  CELL  s_BranchJump_EX~0|combout
    Info (332115):     10.790      0.238 FF    IC  s_BranchJump_EX|datad
    Info (332115):     10.853      0.063 FF  CELL  s_BranchJump_EX|combout
    Info (332115):     12.012      1.159 FF    IC  IFID_reg|reg_Inst|\GEN_REG:10:DFFI|s_Q|sclr
    Info (332115):     12.262      0.250 FR  CELL  IF_ID:IFID_reg|reg_N:reg_Inst|dffg:\GEN_REG:10:DFFI|s_Q
    Info (332115): 
    Info (332115): Data Required Path:
    Info (332115): 
    Info (332115): Total (ns)  Incr (ns)     Type  Element
    Info (332115): ==========  ========= ==  ====  ===================================
    Info (332115):     20.000     20.000           latch edge time
    Info (332115):     21.774      1.774  R        clock network delay
    Info (332115):     21.779      0.005           clock pessimism removed
    Info (332115):     21.759     -0.020           clock uncertainty
    Info (332115):     21.766      0.007     uTsu  IF_ID:IFID_reg|reg_N:reg_Inst|dffg:\GEN_REG:10:DFFI|s_Q
    Info (332115): 
    Info (332115): Data Arrival Time  :    12.262
    Info (332115): Data Required Time :    21.766
    Info (332115): Slack              :     9.504 
    Info (332115): ===================================================================
    Info (332115): 
Info (332115): Report Timing: Found 1 hold paths (0 violated).  Worst case slack is 0.172
    Info (332115): -to_clock [get_clocks {iCLK}]
    Info (332115): -hold
    Info (332115): -stdout
Info (332115): Path #1: Hold slack is 0.172 
    Info (332115): ===================================================================
    Info (332115): From Node    : reg_N:ProgramCounter|dffg:\GEN_REG:23:DFFI|s_Q
    Info (332115): To Node      : reg_N:ProgramCounter|dffg:\GEN_REG:23:DFFI|s_Q
    Info (332115): Launch Clock : iCLK
    Info (332115): Latch Clock  : iCLK
    Info (332115): 
    Info (332115): Data Arrival Path:
    Info (332115): 
    Info (332115): Total (ns)  Incr (ns)     Type  Element
    Info (332115): ==========  ========= ==  ====  ===================================
    Info (332115):      0.000      0.000           launch edge time
    Info (332115):      1.801      1.801  R        clock network delay
    Info (332115):      1.906      0.105     uTco  reg_N:ProgramCounter|dffg:\GEN_REG:23:DFFI|s_Q
    Info (332115):      1.906      0.000 RR  CELL  ProgramCounter|\GEN_REG:23:DFFI|s_Q|q
    Info (332115):      1.906      0.000 RR    IC  BranchIncSel|o_O[23]~23|datac
    Info (332115):      2.077      0.171 RR  CELL  BranchIncSel|o_O[23]~23|combout
    Info (332115):      2.077      0.000 RR    IC  ProgramCounter|\GEN_REG:23:DFFI|s_Q|d
    Info (332115):      2.108      0.031 RR  CELL  reg_N:ProgramCounter|dffg:\GEN_REG:23:DFFI|s_Q
    Info (332115): 
    Info (332115): Data Required Path:
    Info (332115): 
    Info (332115): Total (ns)  Incr (ns)     Type  Element
    Info (332115): ==========  ========= ==  ====  ===================================
    Info (332115):      0.000      0.000           latch edge time
    Info (332115):      1.872      1.872  R        clock network delay
    Info (332115):      1.852     -0.020           clock pessimism removed
    Info (332115):      1.852      0.000           clock uncertainty
    Info (332115):      1.936      0.084      uTh  reg_N:ProgramCounter|dffg:\GEN_REG:23:DFFI|s_Q
    Info (332115): 
    Info (332115): Data Arrival Time  :     2.108
    Info (332115): Data Required Time :     1.936
    Info (332115): Slack              :     0.172 
    Info (332115): ===================================================================
    Info (332115): 
Info (332102): Design is not fully constrained for setup requirements
Info (332102): Design is not fully constrained for hold requirements
Info: Quartus Prime Timing Analyzer was successful. 0 errors, 2 warnings
    Info: Peak virtual memory: 1701 megabytes
    Info: Processing ended: Tue May  5 16:59:31 2026
    Info: Elapsed time: 00:00:30
    Info: Total CPU time (on all processors): 00:00:42


